id,street,houseNumber,houseNumberAddition,postalcode,totalRent,netRent,serviceCosts,heatingCosts,eenmaligeKosten,areaDwelling,constructionYear,isZelfstandig,availableFromDate,availableFromOriginalDate,availableFrom,publicationDate,closingDate,numberOfReactions,huurtoeslagMogelijk,toewijzingModelTypeInCode,infoveldKort,latitude,longitude,urlKey,stad,gemeente,wijk,buurt,corporatie,woningtype,energielabel,verwarming,slaapkamers,keuken,verdieping,actielabel,model,woningsoort,doelgroepen,gescraped_op
126111,Van Hasseltlaan,379,,2625 JA,449.64,269.02,180.62,,184.89,23,,1,,2026-01-27T00:00:00.000Z,Per direct ,2026-04-10T14:31:00.000Z,2026-05-31T14:31:00.000Z,52,1,winkelmodel,Deze kamer is tijdelijk beschikbaar t/m 31-07-26 ,51.9893,4.34361,126111-vanhasseltlaan-379-delft,Delft,Delft,Buitenhof,,01,Gemeubileerd,Energielabel G,CV collectief,1  slaap/woonkamer,Dichte keuken,14e verdieping,Tijdelijke verhuur,dth,woningsoort_zelfstandig,Studentr,2026-04-20 00:45
128565,Waldorpstraat,45,190,2521 CA,741.81,592.53,149.28,,2.42,34,,1,2026-08-17T00:00:00.000Z,2026-08-17T00:00:00.000Z,,2026-04-18T14:19:00.000Z,2026-04-25T14:19:00.000Z,108,1,winkelmodel,,52.0671,4.31867,128565-waldorpstraat-45-190-denhaag,Den Haag,Den Haag,Stationsbuurt,,01,Zelf inrichten,Energielabel A,CV collectief,1  slaap/woonkamer,Open keuken,17e verdieping,,aanbodmodel,woningsoort_zelfstandig,jongeren,2026-04-20 00:45
128750,Scheepvaartstraat,6,C84,7411 MB,735.32,603.5,131.82,,2.42,26,,1,2026-05-16T00:00:00.000Z,2026-05-16T00:00:00.000Z,,2026-04-13T08:18:00.000Z,2026-04-20T08:18:00.000Z,58,1,winkelmodel,,52.2494,6.16981,128750-scheepvaartstraat-6-c84-deventer,Deventer,Deventer,Wijk 1 Binnenstad,,01,Zelf inrichten,Energielabel A,CV collectief,1  slaap/woonkamer,Open keuken,3e verdieping,,aanbodmodel,woningsoort_zelfstandig,jongeren,2026-04-20 00:45
129565,Kolffpad,433,,2333 BN,788.94,592.53,196.41,,2.42,21,2023,1,2026-05-17T00:00:00.000Z,2026-09-01T00:00:00.000Z,,2026-04-16T07:34:00.000Z,2026-04-23T07:34:00.000Z,97,1,winkelmodel,,52.1689,4.47682,129565-kolffpad-433-leiden,Leiden,Leiden,Boerhaavedistrict,,01,Zelf inrichten,Energielabel B,Stadsverwarming,1  slaap/woonkamer,Open keuken,11e verdieping,,aanbodmodel,woningsoort_zelfstandig,jongeren,2026-04-20 00:45
129619,Omegaplantsoen,784,,2321 KW,755.37,713.02,42.35,,2.42,44,,1,2026-05-16T00:00:00.000Z,2026-09-02T00:00:00.000Z,,2026-04-14T07:55:00.000Z,2026-04-21T07:55:00.000Z,122,1,winkelmodel,,52.1445,4.49341,129619-omegaplantsoen-784-leiden,Leiden,Leiden,Roodenburgerdistrict,,01,Zelf inrichten,Energielabel A+,CV collectief,1 extra slaapkamer,Dichte keuken,5e verdieping,,aanbodmodel,woningsoort_zelfstandig,jongeren,2026-04-20 00:45
129660,Röntgenweg,145,,2624 BD,653.11,548.56,104.55,,2.42,27,,1,2026-05-11T00:00:00.000Z,2026-09-08T00:00:00.000Z,,2026-04-14T14:08:00.000Z,2026-04-21T14:08:00.000Z,134,1,winkelmodel,Voorrang voor Sloop & Renovatieurgentie,51.9994,4.35794,129660-rntgenweg-145-delft,Delft,Delft,Voorhof,,01,Zelf inrichten,Energielabel A,CV collectief,1  slaap/woonkamer,Open keuken,2e verdieping,,aanbodmodel,woningsoort_zelfstandig,jongeren,2026-04-20 00:45
129711,Röntgenweg,285,,2624 BD,653.11,548.56,104.55,,2.42,27,,1,2026-05-13T00:00:00.000Z,2026-09-02T00:00:00.000Z,,2026-04-14T14:12:00.000Z,2026-04-21T14:12:00.000Z,130,1,winkelmodel,Voorrang voor Sloop & Renovatieurgentie,51.9994,4.35794,129711-rntgenweg-285-delft,Delft,Delft,Voorhof,,01,Zelf inrichten,Energielabel A,CV collectief,1  slaap/woonkamer,Open keuken,3e verdieping,,aanbodmodel,woningsoort_zelfstandig,jongeren,2026-04-20 00:45
129786,Mijnbouwstraat,118,D,2628 RX,822.5,577.48,245.02,,2.42,30,,1,2026-05-10T00:00:00.000Z,2026-09-01T00:00:00.000Z,,2026-04-14T14:02:00.000Z,2026-04-21T14:02:00.000Z,130,1,winkelmodel,,52.0065,4.36816,129786-mijnbouwstraat-118-d-delft,Delft,Delft,Wippolder,,01,Zelf inrichten,,Stadsverwarming,1  slaap/woonkamer,Open keuken,2e verdieping,,aanbodmodel,woningsoort_zelfstandig,jongeren,2026-04-20 00:45
129898,Dorus Rijkersplein,86,5,2518 DC,763.22,501.67,261.55,,230.79,23,,0,2026-04-20T00:00:00.000Z,2026-04-16T00:00:00.000Z,,2026-03-09T15:22:00.000Z,2026-06-16T14:22:00.000Z,32,1,winkelmodel,"Let op: Tijdelijk contract t/m 31-07-2026 
",52.0838,4.30201,129898-dorusrijkersplein-86-5-denhaag,Den Haag,Den Haag,Zeeheldenkwartier,,01,Gemeubileerd,Energielabel A,CV collectief,1  slaap/woonkamer,Gemeenschappelijke keuken,5e verdieping,,dth,woningsoort_onzelfstandig,Studentr,2026-04-20 00:45
129962,Thorbeckehof,129,,2343 DR,804.5,674.9,129.6,,0,34,,1,2026-05-05T00:00:00.000Z,2026-09-10T00:00:00.000Z,,2026-04-15T11:02:00.000Z,2026-04-22T11:02:00.000Z,53,1,winkelmodel,,52.1931,4.47617,129962-thorbeckehof-129-oegstgeest,Oegstgeest,Oegstgeest,Wijk 00 Oegstgeest,,01,Zelf inrichten,Energielabel A,CV collectief,1  slaap/woonkamer,Open keuken,1e verdieping,,aanbodmodel,woningsoort_zelfstandig,jongeren,2026-04-20 00:45
130328,Enthovenplein,102,1,2521 DC,733.12,431.61,301.51,,230.79,17,,0,2026-04-17T00:00:00.000Z,2026-04-16T00:00:00.000Z,,2026-03-16T13:01:00.000Z,2026-06-23T12:01:00.000Z,24,0,winkelmodel,"Let op: Tijdelijk contract t/m 03-08-2026 
",52.0693,4.32637,130328-enthovenplein-102-1-denhaag,Den Haag,Den Haag,Laakkwartier en Spoorwijk,,01,Gemeubileerd,Energielabel A+,CV collectief,1  slaap/woonkamer,Gemeenschappelijke keuken,4e verdieping,,dth,woningsoort_onzelfstandig,Studentr,2026-04-20 00:45
130643,Bazarlaan,91,2,2518 AZ,699.35,431.61,267.74,,230.79,23,,0,2026-04-20T00:00:00.000Z,2026-04-16T00:00:00.000Z,,2026-03-23T13:51:00.000Z,2026-05-30T12:51:00.000Z,28,0,winkelmodel,"Let op: Tijdelijk contract t/m 30-07-2026 
",52.0843,4.30242,130643-bazarlaan-91-2-denhaag,Den Haag,Den Haag,Zeeheldenkwartier,,01,Gemeubileerd,Energielabel A,CV collectief,1  slaap/woonkamer,Gemeenschappelijke keuken,1e verdieping,,dth,woningsoort_onzelfstandig,Studentr,2026-04-20 00:45
130763,Lisztstraat,105,k3,2625 BM,536.2,317.91,218.29,,230.79,17,,0,2026-05-01T00:00:00.000Z,2026-05-01T00:00:00.000Z,,2026-03-25T13:42:00.000Z,2026-05-31T12:42:00.000Z,35,0,winkelmodel,Deze kamer is tijdelijk beschikbaar t/m 31-07-26 ,51.9954,4.33806,130763-lisztstraat-105-k3-delft,Delft,Delft,Buitenhof,,01,Gemeubileerd,Energielabel D,CV collectief,1  slaap/woonkamer,Gemeenschappelijke keuken,8e verdieping,Tijdelijke verhuur,dth,woningsoort_onzelfstandig,Studentr,2026-04-20 00:45
130881,Dudokstraat,309,,2132 HT,1088.37,932.93,155.44,,0,31,2025,1,2026-04-30T00:00:00.000Z,2026-04-30T00:00:00.000Z,,2026-04-14T07:22:00.000Z,2026-04-20T07:22:00.000Z,2,1,winkelmodel,,52.2975,4.70663,130881-dudokstraat-309-hoofddorp,Hoofddorp,Haarlemmermeer,Hoofddorp-Zuid,,01,Gestoffeerd,Energielabel A+++,CV collectief,1  slaap/woonkamer,Open keuken,3e verdieping,,aanbodmodel,woningsoort_zelfstandig,student,2026-04-20 00:45
130963,Waldorpstraat,47,16 B,2521 CA,579.13,367.45,211.68,,230.79,19,,0,2026-04-03T00:00:00.000Z,2026-01-31T00:00:00.000Z,,2026-03-31T06:58:00.000Z,2026-06-07T06:58:00.000Z,22,0,winkelmodel,Let op: Tijdelijk contract t/m 31-07-2026 ,52.0667,4.31785,130963-waldorpstraat-47-16b-denhaag,Den Haag,Den Haag,Stationsbuurt,,01,Gemeubileerd,Energielabel A,CV collectief,1  slaap/woonkamer,Gemeenschappelijke keuken,4e verdieping,,dth,woningsoort_onzelfstandig,Studentr,2026-04-20 00:45
130997,César Franckstraat,11,k2,2625 BX,516.29,298,218.29,,230.79,18,,0,2026-05-01T00:00:00.000Z,2026-05-01T00:00:00.000Z,,2026-03-31T08:46:00.000Z,2026-05-31T08:46:00.000Z,21,0,winkelmodel,Deze kamer is tijdelijk beschikbaar t/m 07-08-26,51.995,4.33599,130997-csarfranckstraat-11-k2-delft,Delft,Delft,Buitenhof,,01,Gemeubileerd,Energielabel G,CV collectief,1  slaap/woonkamer,Gemeenschappelijke keuken,1e verdieping,Tijdelijke verhuur,dth,woningsoort_onzelfstandig,Studentr,2026-04-20 00:45
131004,Rijswijkseweg,342,E 1,2516 HM,717.05,467.71,249.34,,233.21,15,,0,2026-05-06T00:00:00.000Z,2026-05-01T00:00:00.000Z,,2026-04-01T08:02:00.000Z,2026-05-08T08:02:00.000Z,16,1,winkelmodel,"Let op: Tijdelijk contract t/m 31-07-2026 
",52.0662,4.32993,131004-rijswijkseweg-342-e1-denhaag,Den Haag,Den Haag,Laakkwartier en Spoorwijk,,01,Gemeubileerd,,CV collectief,1  slaap/woonkamer,Gemeenschappelijke keuken,Begane grond,,dth,woningsoort_onzelfstandig,Studentr,2026-04-20 00:45
131005,Rijswijkseweg,342,E 4,2516 HM,744.66,495.32,249.34,,233.21,17,,0,2026-05-06T00:00:00.000Z,2026-05-01T00:00:00.000Z,,2026-04-01T08:04:00.000Z,2026-05-08T08:04:00.000Z,13,1,winkelmodel,"Let op: Tijdelijk contract t/m 31-07-2026 
",52.0662,4.32993,131005-rijswijkseweg-342-e4-denhaag,Den Haag,Den Haag,Laakkwartier en Spoorwijk,,01,Gemeubileerd,,CV collectief,1  slaap/woonkamer,Gemeenschappelijke keuken,Begane grond,,dth,woningsoort_onzelfstandig,Studentr,2026-04-20 00:45
131007,Spaarnedwarsstraat,6,3,2515 VR,453.55,225.19,228.36,,230.79,9,,0,2026-05-06T00:00:00.000Z,2026-05-01T00:00:00.000Z,,2026-04-01T08:11:00.000Z,2026-04-30T08:11:00.000Z,79,0,winkelmodel,,52.0745,4.32894,131007-spaarnedwarsstraat-6-3-denhaag,Den Haag,Den Haag,Stationsbuurt,,01,Gemeubileerd,,CV collectief,1  slaap/woonkamer,Gemeenschappelijke keuken,1e verdieping,,dth,woningsoort_onzelfstandig,Studentr,2026-04-20 00:45
131190,Eerste Ringdijkstraat,124,,1097 BC,839.42,664.15,175.27,,2.42,23,,1,2026-05-10T00:00:00.000Z,2026-05-10T00:00:00.000Z,,2026-04-13T11:50:00.000Z,2026-04-20T11:50:00.000Z,192,1,winkelmodel,,52.3494,4.91954,131190-eersteringdijkstraat-124-amsterdam,Amsterdam,Amsterdam,Stadsdeel Oost,,01,Zelf inrichten,Energielabel B,CV collectief,1  slaap/woonkamer,Open keuken,2e verdieping,,aanbodmodel,woningsoort_zelfstandig,jongeren,2026-04-20 00:45
131205,Pierre Lallementstraat,264,,1097 JR,855.59,691.39,164.2,,2.42,26,,1,2026-05-11T00:00:00.000Z,2026-05-11T00:00:00.000Z,,2026-04-13T12:00:00.000Z,2026-04-20T12:00:00.000Z,177,1,winkelmodel,,52.3494,4.92203,131205-pierrelallementstraat-264-amsterdam,Amsterdam,Amsterdam,Stadsdeel Oost,,01,Zelf inrichten,Energielabel A,CV collectief,1  slaap/woonkamer,Open keuken,6e verdieping,,aanbodmodel,woningsoort_zelfstandig,jongeren,2026-04-20 00:45
131274,Van der Vennestraat,40,D,2525 CH,506.47,298,208.47,,230.79,14,,0,2026-04-10T00:00:00.000Z,2026-04-01T00:00:00.000Z,Per direct,2026-04-08T07:00:00.000Z,2026-06-15T07:00:00.000Z,24,0,winkelmodel,"Let op: Tijdelijk contract t/m 10-08-2026 
",52.0669,4.29952,131274-vandervennestraat-40-d-denhaag,Den Haag,Den Haag,Schildersbuurt,,01,Gemeubileerd,Energielabel B,CV collectief,1  slaap/woonkamer,Gemeenschappelijke keuken,3e verdieping,,dth,woningsoort_onzelfstandig,Studentr,2026-04-20 00:45
131276,Enthovenplein,61,2,2521 DA,702.66,390.69,311.97,,230.79,22,,0,2026-04-10T00:00:00.000Z,2026-04-01T00:00:00.000Z,Per direct,2026-04-08T07:10:00.000Z,2026-06-15T07:10:00.000Z,12,0,winkelmodel,"Let op: Tijdelijk contract t/m 03-08-2026 
",52.0693,4.32628,131276-enthovenplein-61-2-denhaag,Den Haag,Den Haag,Laakkwartier en Spoorwijk,,01,Gemeubileerd,,CV collectief,1  slaap/woonkamer,Open keuken,2e verdieping,,dth,woningsoort_onzelfstandig,Studentr,2026-04-20 00:45
131277,Enthovenplein,76,2 /2,2521 DA,438.16,256.81,181.35,,230.79,29,,0,2026-04-10T00:00:00.000Z,2026-03-16T00:00:00.000Z,Per direct,2026-04-08T07:05:00.000Z,2026-06-15T07:05:00.000Z,32,0,winkelmodel,"Let op: Tijdelijk contract t/m 03-08-2026 
",52.0695,4.32615,131277-enthovenplein-76-22-denhaag,Den Haag,Den Haag,Laakkwartier en Spoorwijk,,01,Gemeubileerd,Energielabel A+,CV collectief,1  slaap/woonkamer,Gemeenschappelijke keuken,3e verdieping,,dth,woningsoort_onzelfstandig,Studentr,2026-04-20 00:45
131305,Waagstraat,105,-217 ,8232 DZ,679.95,597.64,82.31,,0,25,2026,1,2026-08-10T00:00:00.000Z,2026-07-01T00:00:00.000Z,,2026-04-14T10:00:00.000Z,2026-04-27T21:59:00.000Z,113,1,nieuwbouwproject,Quadrata nieuwbouw Centrada,52.5117,5.47524,131305-waagstraat-105--217-lelystad,Lelystad,Lelystad,Stadshart,,35,Gestoffeerd,Energielabel A+,Warmtepomp,1  slaap/woonkamer,Gemeenschappelijke keuken,,,nieuwbouwprojectloting,woningsoort_zelfstandig,,2026-04-20 00:45
131312,Waagstraat,107,-223,8232 DZ,630.51,548.2,82.31,,0,25,2026,1,2026-08-10T00:00:00.000Z,2026-07-01T00:00:00.000Z,,2026-04-14T10:00:00.000Z,2026-04-27T21:59:00.000Z,127,1,nieuwbouwproject,Quadrata nieuwbouw Centrada,52.5117,5.47529,131312-waagstraat-107--223-lelystad,Lelystad,Lelystad,Stadshart,,35,Gestoffeerd,Energielabel A+,Warmtepomp,1  slaap/woonkamer,Gemeenschappelijke keuken,,,nieuwbouwprojectloting,woningsoort_zelfstandig,,2026-04-20 00:45
131318,Rijswijkseweg,340,66,2516 HM,844.51,666.45,178.06,,2.42,44,,1,2026-05-11T00:00:00.000Z,2026-05-11T00:00:00.000Z,,2026-04-13T11:37:00.000Z,2026-04-20T11:37:00.000Z,124,1,winkelmodel,,52.0664,4.32985,131318-rijswijkseweg-340-66-denhaag,Den Haag,Den Haag,Laakkwartier en Spoorwijk,,01,Zelf inrichten,Energielabel D,CV collectief,1 extra slaapkamer,Dichte keuken,2e verdieping,,aanbodmodel,woningsoort_zelfstandig,jongeren,2026-04-20 00:45
131357,Waagstraat,119,-243,8232 DZ,679.95,597.64,82.31,,0,25,2026,1,2026-08-10T00:00:00.000Z,2026-07-13T00:00:00.000Z,,2026-04-14T10:00:00.000Z,2026-04-27T21:59:00.000Z,79,1,nieuwbouwproject,Quadrata nieuwbouw Centrada,52.5115,5.47563,131357-waagstraat-119--243-lelystad,Lelystad,Lelystad,Stadshart,,35,Gestoffeerd,Energielabel A+,Warmtepomp,1  slaap/woonkamer,Gemeenschappelijke keuken,,,nieuwbouwproject,woningsoort_zelfstandig,,2026-04-20 00:45
131358,Waagstraat,113,-241,8232 DZ,630.51,548.2,82.31,,0,25,2026,1,2026-08-10T00:00:00.000Z,2026-07-13T00:00:00.000Z,,2026-04-14T10:00:00.000Z,2026-04-27T21:59:00.000Z,97,1,nieuwbouwproject,Quadrata nieuwbouw Centrada,52.5117,5.47549,131358-waagstraat-113--241-lelystad,Lelystad,Lelystad,Stadshart,,35,Gestoffeerd,Energielabel A+,Warmtepomp,1  slaap/woonkamer,Gemeenschappelijke keuken,,,nieuwbouwproject,woningsoort_zelfstandig,,2026-04-20 00:45
131367,Darlingstraat,1077,,1102 MX,619.79,498.2,121.59,,2.42,20,,1,2026-05-10T00:00:00.000Z,2026-05-10T00:00:00.000Z,,2026-04-13T11:41:00.000Z,2026-04-20T11:41:00.000Z,93,1,winkelmodel,,52.3218,4.95582,131367-darlingstraat-1077-amsterdam,Amsterdam,Amsterdam,Stadsdeel Zuidoost,,01,Zelf inrichten,Energielabel A,Stadsverwarming,1  slaap/woonkamer,Open keuken,2e verdieping,,aanbodmodel,woningsoort_zelfstandig,jongeren,2026-04-20 00:45
131373,Dennenrodepad,957,,1102 MW,618.84,498.2,120.64,,2.42,20,,1,2026-05-11T00:00:00.000Z,2026-05-11T00:00:00.000Z,,2026-04-13T11:52:00.000Z,2026-04-20T11:52:00.000Z,132,1,winkelmodel,,52.3227,4.95521,131373-dennenrodepad-957-amsterdam,Amsterdam,Amsterdam,Stadsdeel Zuidoost,,01,Zelf inrichten,Energielabel A,CV collectief,1  slaap/woonkamer,Open keuken,1e verdieping,,aanbodmodel,woningsoort_zelfstandig,jongeren,2026-04-20 00:45
131380,Hildebrandpad,644,,2333 DD,754.59,636.45,118.14,,2.42,26,,1,2026-05-12T00:00:00.000Z,2026-05-12T00:00:00.000Z,,2026-04-13T11:52:00.000Z,2026-04-20T11:52:00.000Z,120,1,winkelmodel,,52.1687,4.47034,131380-hildebrandpad-644-leiden,Leiden,Leiden,Boerhaavedistrict,,01,Zelf inrichten,Energielabel A,CV collectief,1  slaap/woonkamer,Open keuken,6e verdieping,,aanbodmodel,woningsoort_zelfstandig,jongeren,2026-04-20 00:45
131383,Cornelis Lelylaan,3,B6,1062 HD,817.66,707.83,109.83,,2.42,26,,1,2026-05-11T00:00:00.000Z,2026-05-11T00:00:00.000Z,,2026-04-13T11:54:00.000Z,2026-04-20T11:54:00.000Z,134,1,winkelmodel,,52.3575,4.83578,131383-cornelislelylaan-3-b6-amsterdam,Amsterdam,Amsterdam,Stadsdeel Nieuw-West,,01,Zelf inrichten,Energielabel A,Stadsverwarming,1  slaap/woonkamer,Open keuken,2e verdieping,,aanbodmodel,woningsoort_zelfstandig,jongeren,2026-04-20 00:45
131397,Coomansstraat,38,,2611 CW,608.82,498.2,110.62,,2.42,42,,1,2026-05-11T00:00:00.000Z,2026-05-11T00:00:00.000Z,,2026-04-13T10:56:00.000Z,2026-04-20T10:56:00.000Z,301,1,winkelmodel,,52.0112,4.36587,131397-coomansstraat-38-delft,Delft,Delft,Binnenstad,,01,Zelf inrichten,Energielabel E,CV,1  slaap/woonkamer,Dichte keuken,3e verdieping,,aanbodmodel,woningsoort_zelfstandig,jongeren,2026-04-20 00:45
131399,Van Hasseltlaan,274,,2625 HS,449.64,269.02,180.62,,0,23,,1,,2026-02-10T00:00:00.000Z,Per direct ,2026-04-10T14:58:00.000Z,2026-05-31T14:58:00.000Z,42,1,winkelmodel,Deze kamer is tijdelijk beschikbaar t/m 31-07-26 ,51.9893,4.34361,131399-vanhasseltlaan-274-delft,Delft,Delft,Buitenhof,,01,Gemeubileerd,Energielabel G,CV collectief,1  slaap/woonkamer,Dichte keuken,9e verdieping,Tijdelijke verhuur,dth,woningsoort_zelfstandig,Studentr,2026-04-20 00:45
131403,Narmstraat,2,C,2312 BE,748.86,713.02,35.84,,2.42,45,,1,2026-05-12T00:00:00.000Z,2026-05-12T00:00:00.000Z,,2026-04-13T12:05:00.000Z,2026-04-20T12:05:00.000Z,182,1,winkelmodel,,52.1626,4.48417,131403-narmstraat-2-c-leiden,Leiden,Leiden,Binnenstad-Noord,,01,Zelf inrichten,Energielabel A,CV,1 extra slaapkamer,Open keuken,1e verdieping,,aanbodmodel,woningsoort_zelfstandig,jongeren,2026-04-20 00:45
131429,Kraanspoor,25,A1,1033 SC,758.82,658.42,100.4,,2.42,23,,1,2026-05-13T00:00:00.000Z,2026-05-13T00:00:00.000Z,,2026-04-14T07:40:00.000Z,2026-04-21T07:40:00.000Z,103,1,winkelmodel,,52.4046,4.88827,131429-kraanspoor-25-a1-amsterdam,Amsterdam,Amsterdam,Stadsdeel Noord,,01,Zelf inrichten,Energielabel A,CV collectief,1  slaap/woonkamer,Open keuken,4e verdieping,,aanbodmodel,woningsoort_zelfstandig,jongeren,2026-04-20 00:45
131443,Stamkartplein,131,,2521 ER,628.16,498.2,129.96,,2.42,25,,1,2026-04-16T00:00:00.000Z,2026-04-11T00:00:00.000Z,Per direct,2026-04-13T11:47:00.000Z,2026-04-20T11:47:00.000Z,137,1,winkelmodel,,52.0659,4.32283,131443-stamkartplein-131-denhaag,Den Haag,Den Haag,Laakkwartier en Spoorwijk,,01,Zelf inrichten,Energielabel C,CV collectief,1  slaap/woonkamer,Open keuken,2e verdieping,,aanbodmodel,woningsoort_zelfstandig,jongeren,2026-04-20 00:45
131444,Kraneweg,2,B K4,9718 JP,694.2,460.08,91.38,78,0,21,1896,0,2026-05-19T00:00:00.000Z,2026-05-19T00:00:00.000Z,,2026-04-13T07:40:00.000Z,2026-04-20T07:40:00.000Z,37,1,winkelmodel,,53.218,6.55441,131444-kraneweg-2-bk4-groningen,Groningen,Groningen,Schildersbuurt,,10,Zelf inrichten,,CV,1  slaap/woonkamer,Gemeenschappelijke keuken,3e verdieping,,hospitereninschrijftijd,woningsoort_onzelfstandig,jongeren,2026-04-20 00:45
131445,De Laan,2,D 1 K2,9712 AV,695.47,570.54,31.39,55.22,0,18,1950,0,2026-05-12T00:00:00.000Z,2026-05-12T00:00:00.000Z,,2026-04-13T07:43:00.000Z,2026-04-20T07:43:00.000Z,23,1,winkelmodel,,53.2184,6.55918,131445-delaan-2-d1k2-groningen,Groningen,Groningen,Binnenstad-Noord,,10,Zelf inrichten,Energielabel E,CV,1  slaap/woonkamer,Gemeenschappelijke keuken,3e verdieping,,hospitereninschrijftijd,woningsoort_onzelfstandig,jongeren,2026-04-20 00:45
131455,Hogewoerd,144,H,2311 HV,1351.08,726.9,624.18,,257.04,45,,1,2026-04-13T00:00:00.000Z,2026-04-01T00:00:00.000Z,,2026-04-13T10:51:00.000Z,2026-04-20T10:51:00.000Z,1,1,winkelmodel,furnished room available until June 2026,52.1555,4.50059,131455-hogewoerd-144-h-leiden,Leiden,Leiden,Binnenstad-Zuid,,01,Gemeubileerd,Energielabel G,CV collectief,1 extra slaapkamer,Open keuken,1e verdieping,,dth,woningsoort_zelfstandig,Studentr,2026-04-20 00:45
131466,Gelkingestraat,39,12 K1,9711 NB,656.64,513.54,31.17,67.97,0,19,1860,0,2026-05-21T00:00:00.000Z,2026-05-21T00:00:00.000Z,,2026-04-13T12:01:00.000Z,2026-04-20T12:01:00.000Z,34,1,winkelmodel,,53.2166,6.56886,131466-gelkingestraat-39-12k1-groningen,Groningen,Groningen,Binnenstad-Zuid,,10,Zelf inrichten,Energielabel G,CV,1  slaap/woonkamer,Open keuken,2e verdieping,,hospitereninschrijftijd,woningsoort_onzelfstandig,jongeren,2026-04-20 00:45
131479,Sigmaplantsoen,571,,2321 KK,658.27,592.53,65.74,,2.42,26,,1,2026-05-16T00:00:00.000Z,2026-05-16T00:00:00.000Z,,2026-04-14T08:12:00.000Z,2026-04-21T08:12:00.000Z,148,1,winkelmodel,,52.1438,4.49222,131479-sigmaplantsoen-571-leiden,Leiden,Leiden,Roodenburgerdistrict,,01,Zelf inrichten,Energielabel A,CV,1  slaap/woonkamer,Open keuken,15e verdieping,,aanbodmodel,woningsoort_zelfstandig,jongeren,2026-04-20 00:45
131480,Mudaheerd,28,K3,9737 SW,875.83,695.67,37.04,111.93,0,24,1981,0,2026-04-20T00:00:00.000Z,2026-04-06T00:00:00.000Z,,2026-04-13T14:03:00.000Z,2026-04-20T14:03:00.000Z,1,1,winkelmodel,,53.2507,6.58677,131480-mudaheerd-28-k3-groningen,Groningen,Groningen,Beijum-West,,10,Zelf inrichten,Energielabel A,CV,1  slaap/woonkamer,Gemeenschappelijke keuken,1e verdieping,,hospitereninschrijftijd,woningsoort_onzelfstandig,jongeren,2026-04-20 00:45
131482,Bronland,4,608,6708 WH,621.8,521.09,100.71,,2.42,20,,1,2026-05-22T00:00:00.000Z,2026-05-22T00:00:00.000Z,,2026-04-14T11:08:00.000Z,2026-04-21T11:08:00.000Z,78,1,winkelmodel,,51.9836,5.66422,131482-bronland-4-608-wageningen,Wageningen,Wageningen,Wageningen campus,,01,Zelf inrichten,Energielabel A,CV collectief,1  slaap/woonkamer,Open keuken,5e verdieping,,aanbodmodel,woningsoort_zelfstandig,jongeren,2026-04-20 00:45
131483,Stamkartplein,500,7,2521 ET,509.1,319.39,189.71,,2.31,27,1985,0,2026-05-09T00:00:00.000Z,2026-05-09T00:00:00.000Z,,2026-04-13T14:11:00.000Z,2026-04-22T22:00:00.000Z,80,0,winkelmodel,Stamkartplein zoek een nieuw huisgenootje!,52.0665,4.32278,131483-stamkartplein-500-7-denhaag,Den Haag,Den Haag,Laakkwartier en Spoorwijk,,01,Zelf inrichten,Onbekend,Stadsverwarming,1  slaap/woonkamer,Gemeenschappelijke keuken,Begane grond,,hospiteren,woningsoort_onzelfstandig,jongeren,2026-04-20 00:45
131508,Kaiserstraat,18,C,2311 GR,812.54,619.95,192.59,,2.42,37,,1,2026-05-19T00:00:00.000Z,2026-05-19T00:00:00.000Z,,2026-04-15T07:30:00.000Z,2026-04-22T07:30:00.000Z,97,1,winkelmodel,,52.1555,4.48657,131508-kaiserstraat-18-c-leiden,Leiden,Leiden,Binnenstad-Zuid,,01,Zelf inrichten,Energielabel C,CV,1 extra slaapkamer,Dichte keuken,2e verdieping,,aanbodmodel,woningsoort_zelfstandig,jongeren,2026-04-20 00:45
131511,Darlingstraat,707,,1102 MX,619.79,498.2,121.59,,2.42,20,,1,2026-05-19T00:00:00.000Z,2026-05-14T00:00:00.000Z,,2026-04-15T08:09:00.000Z,2026-04-22T08:09:00.000Z,96,1,winkelmodel,,52.3212,4.95404,131511-darlingstraat-707-amsterdam,Amsterdam,Amsterdam,Stadsdeel Zuidoost,,01,Zelf inrichten,Energielabel A,Stadsverwarming,1  slaap/woonkamer,Open keuken,3e verdieping,,aanbodmodel,woningsoort_zelfstandig,jongeren,2026-04-20 00:45
131512,Balthasar van der Polweg,1136,,2628 ZJ,719.98,574.45,145.53,,2.42,31,,1,2026-05-14T00:00:00.000Z,2026-05-14T00:00:00.000Z,,2026-04-14T13:52:00.000Z,2026-04-21T13:52:00.000Z,92,1,winkelmodel,,51.9961,4.37283,131512-balthasarvanderpolweg-1136-delft,Delft,Delft,Wippolder,,01,Zelf inrichten,Energielabel A,Stadsverwarming,1  slaap/woonkamer,Open keuken,15e verdieping,,aanbodmodel,woningsoort_zelfstandig,student,2026-04-20 00:45
131514,Callistoweg,526,,2516 BH,830.28,674.9,155.38,,2.42,24,,1,2026-05-14T00:00:00.000Z,2026-05-14T00:00:00.000Z,,2026-04-15T08:09:00.000Z,2026-04-22T08:09:00.000Z,101,1,winkelmodel,,52.0673,4.33671,131514-callistoweg-526-denhaag,Den Haag,Den Haag,Binckhorst,,01,Zelf inrichten,Energielabel A++,Stadsverwarming,1  slaap/woonkamer,Open keuken,6e verdieping,,aanbodmodel,woningsoort_zelfstandig,jongeren,2026-04-20 00:45
131515,Oranjelaan,6,A,2515 RH,789.88,652.91,136.97,,2.42,26,,1,2026-05-14T00:00:00.000Z,2026-05-14T00:00:00.000Z,,2026-04-15T09:14:00.000Z,2026-04-22T09:14:00.000Z,98,1,winkelmodel,,52.0717,4.32086,131515-oranjelaan-6-a-denhaag,Den Haag,Den Haag,Stationsbuurt,,01,Zelf inrichten,Energielabel A,CV collectief,1  slaap/woonkamer,Open keuken,1e verdieping,,aanbodmodel,woningsoort_zelfstandig,jongeren,2026-04-20 00:45
131517,Dennenrodepad,1175,,1102 MW,618.84,498.2,120.64,,2.42,20,,1,2026-05-15T00:00:00.000Z,2026-05-15T00:00:00.000Z,,2026-04-16T07:42:00.000Z,2026-04-23T07:42:00.000Z,97,1,winkelmodel,,52.3224,4.95526,131517-dennenrodepad-1175-amsterdam,Amsterdam,Amsterdam,Stadsdeel Zuidoost,,01,Zelf inrichten,Energielabel A,CV collectief,1  slaap/woonkamer,Open keuken,3e verdieping,,aanbodmodel,woningsoort_zelfstandig,jongeren,2026-04-20 00:45
131530,Eendrachtskade,134,K1,9726 DB,515.89,356.69,61.41,61.69,0,13,1971,0,2026-04-21T00:00:00.000Z,2026-04-16T00:00:00.000Z,,2026-04-14T07:07:00.000Z,2026-04-21T07:07:00.000Z,22,1,winkelmodel,,53.2142,6.55081,131530-eendrachtskade-134-k1-groningen,Groningen,Groningen,Zeeheldenbuurt,,10,Zelf inrichten,,CV,1  slaap/woonkamer,Dichte keuken,3e verdieping,,aanbodmodel,woningsoort_onzelfstandig,jongeren,2026-04-20 00:45
131535,Mudaheerd,24,K2,9737 SW,762.23,627.09,40.47,86.48,0,17,1981,0,2026-04-21T00:00:00.000Z,2026-04-16T00:00:00.000Z,,2026-04-14T08:37:00.000Z,2026-04-21T08:37:00.000Z,0,1,winkelmodel,,53.2505,6.58663,131535-mudaheerd-24-k2-groningen,Groningen,Groningen,Beijum-West,,10,Zelf inrichten,Energielabel A+,CV,1  slaap/woonkamer,Gemeenschappelijke keuken,2e verdieping,,hospitereninschrijftijd,woningsoort_onzelfstandig,jongeren,2026-04-20 00:45
131536,Carolina MacGillavrylaan,2818,,1098 XK,765.09,636.45,128.64,,2.42,28,,1,2026-05-15T00:00:00.000Z,2026-05-15T00:00:00.000Z,,2026-04-16T07:44:00.000Z,2026-04-23T07:44:00.000Z,141,1,winkelmodel,,52.3545,4.95034,131536-carolinamacgillavrylaan-2818-amsterdam,Amsterdam,Amsterdam,Stadsdeel Oost,,01,Zelf inrichten,Energielabel B,CV collectief,1  slaap/woonkamer,Open keuken,6e verdieping,,aanbodmodel,woningsoort_zelfstandig,jongeren,2026-04-20 00:45
131541,Kraanspoor,21,E2,1033 SC,786.26,685.86,100.4,,2.42,26,,1,2026-05-08T00:00:00.000Z,2026-05-08T00:00:00.000Z,,2026-04-15T08:05:00.000Z,2026-04-21T08:05:00.000Z,107,1,winkelmodel,,52.4046,4.88826,131541-kraanspoor-21-e2-amsterdam,Amsterdam,Amsterdam,Stadsdeel Noord,,01,Zelf inrichten,Energielabel A,CV collectief,1  slaap/woonkamer,Open keuken,2e verdieping,,aanbodmodel,woningsoort_zelfstandig,jongeren,2026-04-20 00:45
131542,Dennenrodepad,711,,1102 MW,618.84,498.2,120.64,,2.42,20,,1,2026-05-15T00:00:00.000Z,2026-05-15T00:00:00.000Z,,2026-04-16T07:49:00.000Z,2026-04-23T07:49:00.000Z,91,1,winkelmodel,,52.3224,4.9539,131542-dennenrodepad-711-amsterdam,Amsterdam,Amsterdam,Stadsdeel Zuidoost,,01,Zelf inrichten,Energielabel A,CV collectief,1  slaap/woonkamer,Open keuken,2e verdieping,,aanbodmodel,woningsoort_zelfstandig,jongeren,2026-04-20 00:45
131546,Bellostraat,2,,6706 EX,837.65,685.7,151.95,,0,0,2015,1,2026-05-12T00:00:00.000Z,2026-05-12T00:00:00.000Z,,2026-04-17T07:00:00.000Z,2026-04-20T07:00:00.000Z,44,1,winkelmodel,,51.9774,5.67668,131546-bellostraat-2-wageningen,Wageningen,Wageningen,Wageningen stad,,02,Zelf inrichten,Energielabel A,CV collectief,1  slaap/woonkamer,Open keuken,Begane grond,,aanbodmodel,woningsoort_zelfstandig,jongeren,2026-04-20 00:45
131548,Churchillweg,2,-110,6706 AA,840.73,713.02,127.71,,0,0,2021,1,2026-07-02T00:00:00.000Z,2026-07-02T00:00:00.000Z,,2026-04-17T07:00:00.000Z,2026-04-20T07:00:00.000Z,41,1,winkelmodel,,51.9694,5.66905,131548-churchillweg-2--110-wageningen,Wageningen,Wageningen,Wageningen stad,,02,Zelf inrichten,Energielabel A,CV collectief,1  slaap/woonkamer,Open keuken,1e verdieping,,aanbodmodel,woningsoort_zelfstandig,jongeren,2026-04-20 00:45
131549,Dennenrodepad,667,,1102 MW,618.84,498.2,120.64,,2.42,20,,1,2026-04-27T00:00:00.000Z,2026-02-23T00:00:00.000Z,,2026-04-14T10:30:00.000Z,2026-04-21T10:30:00.000Z,88,1,winkelmodel,,52.3224,4.95384,131549-dennenrodepad-667-amsterdam,Amsterdam,Amsterdam,Stadsdeel Zuidoost,,01,Zelf inrichten,Energielabel A,CV collectief,1  slaap/woonkamer,Open keuken,1e verdieping,,aanbodmodel,woningsoort_zelfstandig,jongeren,2026-04-20 00:45
131554,Epsilonplantsoen,173,,2321 KJ,679.74,592.53,87.21,,2.42,27,,1,2026-05-15T00:00:00.000Z,2026-05-15T00:00:00.000Z,,2026-04-15T06:56:00.000Z,2026-04-22T06:56:00.000Z,121,1,winkelmodel,,52.1441,4.49164,131554-epsilonplantsoen-173-leiden,Leiden,Leiden,Roodenburgerdistrict,,01,Zelf inrichten,Energielabel A,CV,1  slaap/woonkamer,Open keuken,3e verdieping,,aanbodmodel,woningsoort_zelfstandig,jongeren,2026-04-20 00:45
131555,Spaarndamseweg,236,1005,2021 KA,641.26,498.2,143.06,,,28,1998,1,2026-05-20T00:00:00.000Z,2026-05-20T00:00:00.000Z,Binnenkort beschikbaar,2026-04-14T11:11:00.000Z,2026-04-20T10:00:00.000Z,63,,winkelmodel,,52.3933,4.64975,131555-spaarndamseweg-236-1005-haarlem,Haarlem,Haarlem,Transvaalwijk,,33,Zelf inrichten,Energielabel C,,1  slaap/woonkamer,,10e verdieping,,aanbodmodel,woningsoort_zelfstandig,jongeren,2026-04-20 00:45
131560,Dijkgraaf,4,-01C12,6708 PG,555.97,417.73,138.24,,0,0,1977,0,2026-05-19T00:00:00.000Z,2026-05-19T00:00:00.000Z,,2026-04-16T07:00:00.000Z,2026-06-19T07:00:00.000Z,2,1,winkelmodel,,51.9803,5.65684,131560-dijkgraaf-4--01c12-wageningen,Wageningen,Wageningen,Wageningen stad,,02,Zelf inrichten,Energielabel D,CV collectief,1  slaap/woonkamer,Gemeenschappelijke keuken,1e verdieping,,aanbodmodel,woningsoort_onzelfstandig,Studentr,2026-04-20 00:45
131563,Damsport,19,,9728 PP,748.11,562.13,26.76,141.7,0,29,1981,1,2026-05-19T00:00:00.000Z,2026-05-19T00:00:00.000Z,,2026-04-14T11:38:00.000Z,2026-04-21T11:38:00.000Z,64,1,winkelmodel,,53.1926,6.55674,131563-damsport-19-groningen,Groningen,Groningen,Hoornse Meer,,10,Zelf inrichten,Energielabel C,CV,1 extra slaapkamer,Open keuken,Begane grond,,aanbodmodel,woningsoort_zelfstandig,jongeren,2026-04-20 00:45
131565,Oudeweg,63,,9711 TJ,955.75,932.93,4.19,,0,66,1991,1,2026-05-29T00:00:00.000Z,2026-05-29T00:00:00.000Z,,2026-04-14T11:34:00.000Z,2026-04-21T11:34:00.000Z,118,1,winkelmodel,,53.2188,6.575,131565-oudeweg-63-groningen,Groningen,Groningen,Binnenstad-Oost,,10,Zelf inrichten,Energielabel A,CV,2 extra slaapkamers,Open keuken,2e verdieping,,aanbodmodel,woningsoort_zelfstandig,jongeren,2026-04-20 00:45
131569,Dijkgraaf,4,-00B14,6708 PG,574.17,417.73,156.44,,30,0,1977,0,2026-05-19T00:00:00.000Z,2026-05-19T00:00:00.000Z,,2026-04-17T07:00:00.000Z,2026-04-20T07:00:00.000Z,2,1,winkelmodel,,51.9803,5.65684,131569-dijkgraaf-4--00b14-wageningen,Wageningen,Wageningen,Wageningen stad,,02,Gemeubileerd,Energielabel D,CV collectief,1  slaap/woonkamer,Gemeenschappelijke keuken,Begane grond,,aanbodmodel,woningsoort_onzelfstandig,Studentr,2026-04-20 00:45
131630,Waldorpstraat,676,,2521 CK,827.01,598.01,229,,2.42,22,,1,2026-05-17T00:00:00.000Z,2026-05-17T00:00:00.000Z,,2026-04-17T09:19:00.000Z,2026-04-21T09:19:00.000Z,74,1,winkelmodel,,52.0603,4.31098,131630-waldorpstraat-676-denhaag,Den Haag,Den Haag,Laakkwartier en Spoorwijk,,01,Zelf inrichten,Energielabel B,CV collectief,1  slaap/woonkamer,Open keuken,Begane grond,,aanbodmodel,woningsoort_zelfstandig,jongeren,2026-04-20 00:45
131631,Van Reigersbergenstraat,290,,1052 WT,505.2,498.2,7,,,36,,0,2026-05-01T00:00:00.000Z,2026-05-01T00:00:00.000Z,,2026-04-14T16:00:00.000Z,2026-04-20T10:00:00.000Z,304,0,winkelmodel,,52.3741,4.87026,131631-vanreigersbergenstraat-290-amsterdam,Amsterdam,Amsterdam,Stadsdeel West,,33,Zelf inrichten,Energielabel B,,1  slaap/woonkamer,Gemeenschappelijke keuken,,,aanbodmodel,woningsoort_onzelfstandig,,2026-04-20 00:45
131633,Prinses Irenestraat,1,,2131 XL,616.3,611.31,4.99,,0,70,,1,2026-04-21T00:00:00.000Z,2026-04-21T00:00:00.000Z,,2026-04-17T08:03:00.000Z,2026-04-24T08:03:00.000Z,66,1,winkelmodel,,52.3099,4.68748,131633-prinsesirenestraat-1-hoofddorp,Hoofddorp,Haarlemmermeer,Hoofddorp Noord,,33,Zelf inrichten,,,3 extra slaapkamers,Dichte keuken,,,aanbodmodel,woningsoort_zelfstandig,,2026-04-20 00:45
131639,Bornsesteeg,20,204,6708 PE,621.8,521.09,100.71,,2.42,20,,1,2026-05-15T00:00:00.000Z,2026-05-15T00:00:00.000Z,,2026-04-14T14:17:00.000Z,2026-04-21T14:17:00.000Z,74,1,winkelmodel,,51.9828,5.66408,131639-bornsesteeg-20-204-wageningen,Wageningen,Wageningen,Wageningen campus,,01,Zelf inrichten,Energielabel A,CV collectief,1  slaap/woonkamer,Open keuken,1e verdieping,,aanbodmodel,woningsoort_zelfstandig,jongeren,2026-04-20 00:45
131640,Delftstraat,52,0401,2015 BM,342.3,228.35,72.75,35,40,18,2007,0,2025-05-12T00:00:00.000Z,2025-05-12T00:00:00.000Z,,2026-04-14T13:59:00.000Z,2026-04-21T13:59:00.000Z,28,0,winkelmodel,,52.3872,4.6225,131640-delftstraat-52-0401-haarlem,Haarlem,Haarlem,Duinwijk,,34,Zelf inrichten,,CV collectief,1  slaap/woonkamer,Open keuken,4e verdieping,,aanbodmodel,woningsoort_onzelfstandig,jongeren,2026-04-20 00:45
131647,Dudokstraat,125,,2132 HT,836.83,691.39,145.44,,2.31,20,2025,1,2026-05-15T00:00:00.000Z,2026-05-15T00:00:00.000Z,,2026-04-16T07:34:00.000Z,2026-04-23T07:34:00.000Z,49,1,winkelmodel,,52.2976,4.70647,131647-dudokstraat-125-hoofddorp,Hoofddorp,Haarlemmermeer,Hoofddorp-Zuid,,01,Zelf inrichten,Energielabel A+++,CV collectief,1  slaap/woonkamer,Open keuken,8e verdieping,Voorrang Haarlemmermeer,aanbodmodel,woningsoort_zelfstandig,Studentr,2026-04-20 00:45
131648,Uilenstede,500,60,1183 DE,758.05,630.97,127.08,,2.42,26,,1,2026-05-15T00:00:00.000Z,2026-05-15T00:00:00.000Z,,2026-04-16T07:39:00.000Z,2026-04-23T07:39:00.000Z,118,1,winkelmodel,,52.3202,4.8763,131648-uilenstede-500-60-amstelveen,Amstelveen,Amstelveen,Uilenstede en Kronenburg,,01,Zelf inrichten,Energielabel A,CV collectief,1  slaap/woonkamer,Open keuken,6e verdieping,,aanbodmodel,woningsoort_zelfstandig,jongeren,2026-04-20 00:45
131652,Mudaheerd,39,K1,9737 SW,711.54,580.7,41.9,79.38,0,17,1981,0,2026-04-22T00:00:00.000Z,2026-04-09T00:00:00.000Z,,2026-04-15T07:23:00.000Z,2026-04-22T07:23:00.000Z,0,1,winkelmodel,,53.2505,6.58685,131652-mudaheerd-39-k1-groningen,Groningen,Groningen,Beijum-West,,10,Zelf inrichten,Energielabel A,CV,1  slaap/woonkamer,Gemeenschappelijke keuken,2e verdieping,,aanbodmodel,woningsoort_onzelfstandig,jongeren,2026-04-20 00:45
131665,Omegaplantsoen,114,,2321 KT,670.6,619.95,50.65,,2.42,26,,1,2026-05-16T00:00:00.000Z,2026-05-16T00:00:00.000Z,,2026-04-17T12:01:00.000Z,2026-04-24T12:01:00.000Z,86,1,winkelmodel,,52.1452,4.49369,131665-omegaplantsoen-114-leiden,Leiden,Leiden,Roodenburgerdistrict,,01,Zelf inrichten,Energielabel A+,CV collectief,1  slaap/woonkamer,Open keuken,4e verdieping,,aanbodmodel,woningsoort_zelfstandig,jongeren,2026-04-20 00:45
131667,Kolffpad,647,,2333 BN,827.38,630.97,196.41,,2.42,21,2023,1,2026-05-16T00:00:00.000Z,2026-05-16T00:00:00.000Z,,2026-04-17T12:18:00.000Z,2026-04-24T12:18:00.000Z,59,1,winkelmodel,,52.1691,4.47661,131667-kolffpad-647-leiden,Leiden,Leiden,Boerhaavedistrict,,01,Zelf inrichten,Energielabel A,Stadsverwarming,1  slaap/woonkamer,Open keuken,20ste verdieping,,aanbodmodel,woningsoort_zelfstandig,jongeren,2026-04-20 00:45
131669,Oranjelaan,38,,2515 RH,789.88,652.91,136.97,,2.42,26,,1,2026-05-16T00:00:00.000Z,2026-05-16T00:00:00.000Z,,2026-04-16T07:59:00.000Z,2026-04-23T07:59:00.000Z,83,1,winkelmodel,,52.0718,4.32114,131669-oranjelaan-38-denhaag,Den Haag,Den Haag,Stationsbuurt,,01,Zelf inrichten,Energielabel A,CV collectief,1  slaap/woonkamer,Open keuken,3e verdieping,,aanbodmodel,woningsoort_zelfstandig,jongeren,2026-04-20 00:45
131674,Spaarndamseweg,236,0401,2021 KA,641.26,498.2,143.06,,,21,1998,0,2026-04-22T00:00:00.000Z,2026-04-22T00:00:00.000Z,Binnenkort beschikbaar,2026-04-15T12:33:00.000Z,2026-04-20T10:00:00.000Z,20,,winkelmodel,,52.3933,4.64975,131674-spaarndamseweg-236-0401-haarlem,Haarlem,Haarlem,Transvaalwijk,,33,Zelf inrichten,Energielabel C,,1  slaap/woonkamer,,4e verdieping,,aanbodmodel,woningsoort_onzelfstandig,jongeren,2026-04-20 00:45
131679,Bronland,4,432,6708 WH,649.27,548.56,100.71,,2.42,26,,1,2026-05-16T00:00:00.000Z,2026-05-16T00:00:00.000Z,,2026-04-16T08:02:00.000Z,2026-04-21T08:02:00.000Z,62,1,winkelmodel,,51.9836,5.66422,131679-bronland-4-432-wageningen,Wageningen,Wageningen,Wageningen campus,,01,Zelf inrichten,Energielabel A,CV collectief,1  slaap/woonkamer,Open keuken,3e verdieping,,aanbodmodel,woningsoort_zelfstandig,jongeren,2026-04-20 00:45
131682,Middelweg,26,A,2312 KJ,801.11,713.02,88.09,,2.42,48,,1,2026-05-21T00:00:00.000Z,2026-05-21T00:00:00.000Z,,2026-04-17T12:55:00.000Z,2026-04-24T12:55:00.000Z,88,1,winkelmodel,,52.1586,4.49515,131682-middelweg-26-a-leiden,Leiden,Leiden,Binnenstad-Noord,,01,Zelf inrichten,Energielabel A,CV,1 extra slaapkamer,Dichte keuken,Begane grond,,aanbodmodel,woningsoort_zelfstandig,jongeren,2026-04-20 00:45
131686,Kolffpad,363,,2333 BN,827.38,630.97,196.41,,2.42,21,2023,1,2026-05-17T00:00:00.000Z,2026-05-17T00:00:00.000Z,,2026-04-17T12:27:00.000Z,2026-04-24T12:27:00.000Z,59,1,winkelmodel,,52.169,4.47677,131686-kolffpad-363-leiden,Leiden,Leiden,Boerhaavedistrict,,01,Zelf inrichten,Energielabel A,Stadsverwarming,1  slaap/woonkamer,Open keuken,8e verdieping,,aanbodmodel,woningsoort_zelfstandig,jongeren,2026-04-20 00:45
131691,Dijkgraaf,4,-17A-8,6708 PG,569.52,407.58,161.94,,30,0,1977,0,2026-05-19T00:00:00.000Z,2026-05-19T00:00:00.000Z,,2026-04-17T07:00:00.000Z,2026-04-20T07:00:00.000Z,2,1,winkelmodel,,51.9803,5.65684,131691-dijkgraaf-4--17a-8-wageningen,Wageningen,Wageningen,Wageningen stad,,02,Gemeubileerd,Energielabel D,CV collectief,1  slaap/woonkamer,Gemeenschappelijke keuken,17e verdieping,,aanbodmodel,woningsoort_onzelfstandig,Studentr,2026-04-20 00:45
131696,Uilenstede,437,5198,1183 AG,572.66,417.73,154.93,,2.42,18,,0,2026-05-02T00:00:00.000Z,2026-05-02T00:00:00.000Z,,2026-04-16T08:52:00.000Z,2026-04-20T08:52:00.000Z,106,1,winkelmodel,,52.3196,4.87433,131696-uilenstede-437-5198-amstelveen,Amstelveen,Amstelveen,Uilenstede en Kronenburg,,01,Zelf inrichten,Energielabel E,CV collectief,1  slaap/woonkamer,Gemeenschappelijke keuken,7e verdieping,,aanbodmodel,woningsoort_onzelfstandig,jongeren,2026-04-20 00:45
131699,Daalwijk,901,A,1102 AA,578.62,384.12,194.5,,230.79,17,,0,2026-05-16T00:00:00.000Z,2026-05-16T00:00:00.000Z,,2026-04-16T08:55:00.000Z,2026-04-20T08:55:00.000Z,20,0,winkelmodel,LET OP: tijdelijke verhuur tot 10-08-2026,52.3208,4.95042,131699-daalwijk-901-a-amsterdam,Amsterdam,Amsterdam,Stadsdeel Zuidoost,,01,Gemeubileerd,Energielabel C,CV collectief,1  slaap/woonkamer,Gemeenschappelijke keuken,10e verdieping,,dth,woningsoort_onzelfstandig,jongeren,2026-04-20 00:45
131702,Dijkgraaf,4,-10B-X,6708 PG,545.82,407.58,138.24,,0,0,1977,0,2026-05-19T00:00:00.000Z,2026-05-19T00:00:00.000Z,,2026-04-17T07:00:00.000Z,2026-04-20T07:00:00.000Z,2,1,winkelmodel,,51.9803,5.65684,131702-dijkgraaf-4--10b-x-wageningen,Wageningen,Wageningen,Wageningen stad,,02,Zelf inrichten,Energielabel D,CV collectief,1  slaap/woonkamer,Gemeenschappelijke keuken,10e verdieping,,aanbodmodel,woningsoort_onzelfstandig,Studentr,2026-04-20 00:45
131703,Dijkgraaf,4,-07B-2,6708 PG,553.86,397.42,156.44,,30,0,1977,0,2026-05-19T00:00:00.000Z,2026-05-19T00:00:00.000Z,,2026-04-18T07:00:00.000Z,2026-04-21T07:00:00.000Z,3,1,winkelmodel,,51.9803,5.65684,131703-dijkgraaf-4--07b-2-wageningen,Wageningen,Wageningen,Wageningen stad,,02,Gemeubileerd,Energielabel D,CV collectief,1  slaap/woonkamer,Gemeenschappelijke keuken,7e verdieping,,aanbodmodel,woningsoort_onzelfstandig,Studentr,2026-04-20 00:45
131704,Dijkgraaf,4,-01C18,6708 PG,515.26,377.02,138.24,,0,0,1977,0,2026-05-27T00:00:00.000Z,2026-05-27T00:00:00.000Z,,2026-04-17T07:00:00.000Z,2026-04-20T07:00:00.000Z,3,1,winkelmodel,,51.9803,5.65684,131704-dijkgraaf-4--01c18-wageningen,Wageningen,Wageningen,Wageningen stad,,02,Zelf inrichten,Energielabel D,CV collectief,1  slaap/woonkamer,Gemeenschappelijke keuken,1e verdieping,,aanbodmodel,woningsoort_onzelfstandig,Studentr,2026-04-20 00:45
131708,Balthasar van der Polweg,726,,2628 ZH,719.98,574.45,145.53,,2.42,31,,1,2026-05-17T00:00:00.000Z,2026-05-17T00:00:00.000Z,,2026-04-16T10:44:00.000Z,2026-04-23T10:44:00.000Z,78,1,winkelmodel,,51.9961,4.37283,131708-balthasarvanderpolweg-726-delft,Delft,Delft,Wippolder,,01,Zelf inrichten,Energielabel A,Stadsverwarming,1  slaap/woonkamer,Open keuken,5e verdieping,,aanbodmodel,woningsoort_zelfstandig,student,2026-04-20 00:45
131709,Mudaheerd,26,K1,9737 SW,736.14,601.06,44.83,79.39,0,17,1981,0,2026-04-23T00:00:00.000Z,2026-01-12T00:00:00.000Z,,2026-04-16T09:48:00.000Z,2026-04-23T09:48:00.000Z,0,1,winkelmodel,,53.2504,6.58654,131709-mudaheerd-26-k1-groningen,Groningen,Groningen,Beijum-West,,10,Zelf inrichten,Energielabel A,CV,1  slaap/woonkamer,Gemeenschappelijke keuken,3e verdieping,,aanbodmodel,woningsoort_onzelfstandig,jongeren,2026-04-20 00:45
131713,Eendrachtskade,58,K2,9726 DA,511.59,356.69,58.08,61.69,0,13,1971,0,2026-04-23T00:00:00.000Z,2026-04-20T00:00:00.000Z,,2026-04-16T10:55:00.000Z,2026-04-23T10:55:00.000Z,21,1,winkelmodel,,53.2143,6.5509,131713-eendrachtskade-58-k2-groningen,Groningen,Groningen,Zeeheldenbuurt,,10,Zelf inrichten,,CV,1  slaap/woonkamer,Dichte keuken,Begane grond,,aanbodmodel,woningsoort_onzelfstandig,jongeren,2026-04-20 00:45
131719,Haarweg,151,-216,6709 RC,588.87,417.73,171.14,,30,0,1983,0,2026-05-19T00:00:00.000Z,2026-05-19T00:00:00.000Z,,2026-04-17T07:00:00.000Z,2026-04-20T07:00:00.000Z,3,1,winkelmodel,,51.9663,5.64899,131719-haarweg-151--216-wageningen,Wageningen,Wageningen,Wageningen stad,,02,Gemeubileerd,Energielabel D,CV collectief,1  slaap/woonkamer,Gemeenschappelijke keuken,2e verdieping,,aanbodmodel,woningsoort_onzelfstandig,Studentr,2026-04-20 00:45
131723,Nieuwe Kanaal,1,-259,6709 PA,757.64,617.08,140.56,,60,0,2019,1,2026-05-15T00:00:00.000Z,2026-05-14T00:00:00.000Z,,2026-04-17T07:00:00.000Z,2026-04-20T07:00:00.000Z,20,1,winkelmodel,,51.9745,5.64959,131723-nieuwekanaal-1--259-wageningen,Wageningen,Wageningen,Wageningen campus,,02,Gemeubileerd,,CV,1  slaap/woonkamer,Open keuken,2e verdieping,,aanbodmodel,woningsoort_zelfstandig,Studentr,2026-04-20 00:45
131724,Nieuwe Kanaal,1,-319,6709 PA,759.23,617.08,142.15,,60,0,2019,1,2026-05-19T00:00:00.000Z,2026-05-19T00:00:00.000Z,,2026-04-18T07:00:00.000Z,2026-04-21T07:00:00.000Z,12,1,winkelmodel,,51.9745,5.64959,131724-nieuwekanaal-1--319-wageningen,Wageningen,Wageningen,Wageningen campus,,02,Gemeubileerd,,CV,1  slaap/woonkamer,Open keuken,3e verdieping,,aanbodmodel,woningsoort_zelfstandig,Studentr,2026-04-20 00:45
131725,Grevingaheerd,35,,9737 SC,750.54,644.53,29.83,65,0,20,1981,1,2026-05-21T00:00:00.000Z,2026-05-21T00:00:00.000Z,,2026-04-16T13:49:00.000Z,2026-04-23T13:49:00.000Z,24,1,winkelmodel,,53.2474,6.59123,131725-grevingaheerd-35-groningen,Groningen,Groningen,Beijum-West,,10,Zelf inrichten,Energielabel A,CV,1  slaap/woonkamer,Open keuken,2e verdieping,,aanbodmodel,woningsoort_zelfstandig,jongeren,2026-04-20 00:45
131726,Grevingaheerd,44,,9737 SE,786.38,651.36,29.83,94.01,0,21,1981,1,2026-05-29T00:00:00.000Z,2026-05-29T00:00:00.000Z,,2026-04-16T13:51:00.000Z,2026-04-23T13:51:00.000Z,20,1,winkelmodel,,53.2474,6.59079,131726-grevingaheerd-44-groningen,Groningen,Groningen,Beijum-West,,10,Zelf inrichten,Energielabel A,CV,1  slaap/woonkamer,Open keuken,Begane grond,,aanbodmodel,woningsoort_zelfstandig,jongeren,2026-04-20 00:45
131727,Nieuwe Kanaal,1,-270,6709 PA,759.72,617.08,142.64,,60,0,2019,1,2026-05-19T00:00:00.000Z,2026-05-19T00:00:00.000Z,,2026-04-17T07:00:00.000Z,2026-04-20T07:00:00.000Z,19,1,winkelmodel,,51.9745,5.64959,131727-nieuwekanaal-1--270-wageningen,Wageningen,Wageningen,Wageningen campus,,02,Gemeubileerd,,CV,1  slaap/woonkamer,Open keuken,2e verdieping,,aanbodmodel,woningsoort_zelfstandig,Studentr,2026-04-20 00:45
131728,Nieuwe Kanaal,1,-266,6709 PA,759.06,617.08,141.98,,60,0,2019,1,2026-07-07T00:00:00.000Z,2026-07-07T00:00:00.000Z,,2026-04-18T07:00:00.000Z,2026-04-21T07:00:00.000Z,16,1,winkelmodel,,51.9745,5.64959,131728-nieuwekanaal-1--266-wageningen,Wageningen,Wageningen,Wageningen campus,,02,Gemeubileerd,,CV,1  slaap/woonkamer,Open keuken,2e verdieping,,aanbodmodel,woningsoort_zelfstandig,Studentr,2026-04-20 00:45
131729,Van Heemskerckstraat,1,X K13,9726 GB,835.93,648.24,114.13,43.56,0,18,1966,0,2026-05-19T00:00:00.000Z,2026-05-19T00:00:00.000Z,,2026-04-16T14:05:00.000Z,2026-04-23T14:05:00.000Z,30,1,winkelmodel,,53.2142,6.55145,131729-vanheemskerckstraat-1-xk13-groningen,Groningen,Groningen,Zeeheldenbuurt,,10,Gestoffeerd,Energielabel A,CV collectief,1  slaap/woonkamer,Gemeenschappelijke keuken,9e verdieping,,aanbodmodel,woningsoort_onzelfstandig,jongeren,2026-04-20 00:45
131733,Omegaplantsoen,771,,2321 KW,683.57,608.97,74.6,,2.42,27,,1,2026-05-17T00:00:00.000Z,2026-05-17T00:00:00.000Z,,2026-04-17T12:32:00.000Z,2026-04-24T12:32:00.000Z,76,1,winkelmodel,,52.1446,4.49222,131733-omegaplantsoen-771-leiden,Leiden,Leiden,Roodenburgerdistrict,,01,Zelf inrichten,Energielabel A,CV,1  slaap/woonkamer,Open keuken,4e verdieping,,aanbodmodel,woningsoort_zelfstandig,jongeren,2026-04-20 00:45
131736,Röntgenweg,361,,2624 BD,653.11,548.56,104.55,,2.42,27,,1,2026-05-20T00:00:00.000Z,2026-05-20T00:00:00.000Z,,2026-04-17T09:19:00.000Z,2026-04-24T09:19:00.000Z,107,1,winkelmodel,Voorrang voor Sloop & Renovatieurgentie,51.9994,4.35794,131736-rntgenweg-361-delft,Delft,Delft,Voorhof,,01,Zelf inrichten,Energielabel A,CV collectief,1  slaap/woonkamer,Open keuken,4e verdieping,,aanbodmodel,woningsoort_zelfstandig,jongeren,2026-04-20 00:45
131743,Klikspaanweg,106,,2324 LV,835.09,680.39,154.7,,2.42,54,,1,2026-05-19T00:00:00.000Z,2026-05-19T00:00:00.000Z,,2026-04-17T11:04:00.000Z,2026-04-24T11:04:00.000Z,62,1,winkelmodel,,52.1529,4.47109,131743-klikspaanweg-106-leiden,Leiden,Leiden,Bos- en Gasthuisdistrict,,01,Zelf inrichten,Energielabel D,CV collectief,1 extra slaapkamer,Open keuken,5e verdieping,,aanbodmodel,woningsoort_zelfstandig,jongeren,2026-04-20 00:45
131744,Kolffpad,399,,2333 BN,832.86,636.45,196.41,,2.42,21,2023,1,2026-05-18T00:00:00.000Z,2026-05-18T00:00:00.000Z,,2026-04-17T12:37:00.000Z,2026-04-24T12:37:00.000Z,58,1,winkelmodel,,52.169,4.4768,131744-kolffpad-399-leiden,Leiden,Leiden,Boerhaavedistrict,,01,Zelf inrichten,Energielabel A,Stadsverwarming,1  slaap/woonkamer,Open keuken,10e verdieping,,aanbodmodel,woningsoort_zelfstandig,jongeren,2026-04-20 00:45
131746,Hoevestein,239,-06B-1,6708 AK,561.96,387.18,174.78,,30,0,1970,0,2026-05-15T00:00:00.000Z,2026-05-15T00:00:00.000Z,,2026-04-17T07:00:00.000Z,2026-04-20T07:00:00.000Z,3,1,winkelmodel,,51.9817,5.67224,131746-hoevestein-239--06b-1-wageningen,Wageningen,Wageningen,Wageningen stad,,02,Gemeubileerd,Energielabel D,CV,1  slaap/woonkamer,Gemeenschappelijke keuken,6e verdieping,,aanbodmodel,woningsoort_onzelfstandig,Studentr,2026-04-20 00:45
131747,Javastraat,332,,6707 EC,782.49,658.24,124.25,,0,0,2015,1,2026-05-15T00:00:00.000Z,2026-05-15T00:00:00.000Z,,2026-04-17T07:00:00.000Z,2026-04-20T07:00:00.000Z,55,1,winkelmodel,,51.9691,5.66454,131747-javastraat-332-wageningen,Wageningen,Wageningen,Wageningen stad,,02,Zelf inrichten,Energielabel A,CV,1  slaap/woonkamer,Open keuken,3e verdieping,,aanbodmodel,woningsoort_zelfstandig,jongeren,2026-04-20 00:45
131748,Prinses Irenestraat,11,,2131 XL,616.3,611.31,4.99,,0,54,,1,2026-04-27T00:00:00.000Z,2026-04-27T00:00:00.000Z,,2026-04-17T07:51:00.000Z,2026-04-24T07:51:00.000Z,64,,winkelmodel,,52.3101,4.68716,131748-prinsesirenestraat-11-hoofddorp,Hoofddorp,Haarlemmermeer,Hoofddorp Noord,,33,Zelf inrichten,Energielabel C,,3 extra slaapkamers,Dichte keuken,Begane grond,,aanbodmodel,woningsoort_zelfstandig,jongeren,2026-04-20 00:45
131749,Deltaweg,1350,k3,2321 KX,481.63,407.61,74.02,,2.31,12,2015,0,2026-05-14T00:00:00.000Z,2026-05-14T00:00:00.000Z,,2026-04-17T07:45:00.000Z,2026-04-26T22:00:00.000Z,41,0,winkelmodel,Huize net ernaast: eind bachelor/master (v),52.1444,4.49369,131749-deltaweg-1350-k3-leiden,Leiden,Leiden,Roodenburgerdistrict,,01,Zelf inrichten,Energielabel A++,CV collectief,1  slaap/woonkamer,Gemeenschappelijke keuken,Begane grond,,hospiteren,woningsoort_onzelfstandig,jongeren,2026-04-20 00:45
131759,Hildebrandpad,553,,2333 DH,760.09,641.95,118.14,,2.42,26,,1,2026-05-18T00:00:00.000Z,2026-05-18T00:00:00.000Z,,2026-04-17T12:42:00.000Z,2026-04-24T12:42:00.000Z,68,1,winkelmodel,,52.1685,4.47136,131759-hildebrandpad-553-leiden,Leiden,Leiden,Boerhaavedistrict,,01,Zelf inrichten,Energielabel A,CV collectief,1  slaap/woonkamer,Open keuken,5e verdieping,,aanbodmodel,woningsoort_zelfstandig,jongeren,2026-04-20 00:45
131761,Duindoornstraat,117,K5,9741 NP,767.8,601.06,88.23,52.33,0,19,1970,0,2026-04-24T00:00:00.000Z,2026-04-20T00:00:00.000Z,,2026-04-17T11:31:00.000Z,2026-04-24T11:31:00.000Z,11,1,winkelmodel,,53.2364,6.54472,131761-duindoornstraat-117-k5-groningen,Groningen,Groningen,Selwerd,,10,Gestoffeerd,Energielabel A,Stadsverwarming,1  slaap/woonkamer,Gemeenschappelijke keuken,7e verdieping,,aanbodmodel,woningsoort_onzelfstandig,jongeren,2026-04-20 00:45
131765,Kampersingel,70,0012,2012 DM,532.32,498.2,34.12,,,23,1911,0,2026-05-14T00:00:00.000Z,2026-05-14T00:00:00.000Z,Binnenkort beschikbaar,2026-04-17T13:53:00.000Z,2026-04-21T10:00:00.000Z,26,,winkelmodel,,52.3765,4.63939,131765-kampersingel-70-0012-haarlem,Haarlem,Haarlem,Haarlemmerhoutkwartier,,33,Zelf inrichten,Energielabel B,,1  slaap/woonkamer,,1e verdieping,,aanbodmodel,woningsoort_onzelfstandig,jongeren,2026-04-20 00:45
131768,Floraplein,20,G,2012 HM,669.96,498.2,171.76,,,30,1900,0,2026-05-12T00:00:00.000Z,2026-05-12T00:00:00.000Z,Binnenkort beschikbaar,2026-04-17T14:27:00.000Z,2026-04-21T10:00:00.000Z,30,,winkelmodel,,52.3713,4.62741,131768-floraplein-20-g-haarlem,Haarlem,Haarlem,Haarlemmerhoutkwartier,,33,Zelf inrichten,Energielabel C,,1  slaap/woonkamer,,3e verdieping,,aanbodmodel,woningsoort_onzelfstandig,jongeren,2026-04-20 00:45
171,,,,,,,,,,,,1,,,,2025-05-01T08:00:00.000Z,2026-05-01T08:00:00.000Z,,,,,52.3568,4.94667,171-auc-largesinglerooms-amsterdam,Amsterdam,Amsterdam,Stadsdeel Oost,,,Gestoffeerd,,,1  slaap/woonkamer,,,Verzameladvertentie,,woningsoort_zelfstandig,,2026-04-20 00:45
173,,,,,,,,,,,,0,,,,2025-05-01T08:00:00.000Z,2026-05-01T08:00:00.000Z,,,,,52.3568,4.94667,173-auc-shared2persons-amsterdam,Amsterdam,Amsterdam,Stadsdeel Oost,,,Gestoffeerd,,,1  slaap/woonkamer,,,Verzameladvertentie,,woningsoort_onzelfstandig,,2026-04-20 00:45
175,,,,,,,,,,,,0,,,,2025-05-01T08:00:00.000Z,2026-05-01T08:00:00.000Z,,,,,52.3568,4.94667,175-auc-shared2personsfurnished-amsterdam,Amsterdam,Amsterdam,Stadsdeel Oost,,,Gemeubileerd,,,1  slaap/woonkamer,,,Verzameladvertentie,,woningsoort_onzelfstandig,,2026-04-20 00:45
176,,,,,,,,,,,,0,,,,2025-05-01T08:00:00.000Z,2026-05-01T08:00:00.000Z,,,,,52.3568,4.94667,176-auc-shared4persons-amsterdam,Amsterdam,Amsterdam,Stadsdeel Oost,,,Gestoffeerd,,,2 extra slaapkamers,,,Verzameladvertentie,,woningsoort_onzelfstandig,,2026-04-20 00:45
229,,,,,,,,,,,,1,,,,2025-05-01T08:00:00.000Z,2026-05-01T08:00:00.000Z,,,,,52.3568,4.94644,229-auc-singlerooms-amsterdam,Amsterdam,Amsterdam,Stadsdeel Oost,,,Gestoffeerd,,,1  slaap/woonkamer,,,Verzameladvertentie,,woningsoort_zelfstandig,,2026-04-20 00:45
