Adres,Plaats,Kamertype,Aantal reacties,Contractdatum,Toewijzing o.b.v. (* is met voorrang),Gescraped op
Nieuwe Kerkhof 13-C 1 K6,Groningen,Gestoffeerd,-,30-05-2026,Maatwerk / Urgentie,2026-04-20 00:41
Duindoornstraat 119-K1,Groningen,Gestoffeerd,11,07-05-2026,"Inschrijfduur: 1 jaar, 11 maanden, 9 dagen",2026-04-20 00:41
Boumaboulevard 640,Groningen,Zelf inrichten,39,21-04-2026,"Inschrijfduur: 4 jaren, 11 maanden, 23 dagen",2026-04-20 00:41
Stieltjesweg 582-A,Delft,Zelf inrichten,-,20-04-2026,Kandidaat voorgedragen door bewoners,2026-04-20 00:41
Uilenstede 193-4239,Amstelveen,Zelf inrichten,-,19-04-2026,Kandidaat voorgedragen door bewoners,2026-04-20 00:41
Stamkartplein 502-3,Den Haag,Zelf inrichten,-,19-04-2026,Kandidaat voorgedragen door bewoners,2026-04-20 00:41
Harderwijkstraat 61-J,'s-Gravenhage,Zelf inrichten,63,19-04-2026,"Inschrijfduur: 5 jaren, 1 maand, 22 dagen",2026-04-20 00:41
Van Hasseltlaan 608,Delft,Zelf inrichten,98,19-04-2026,"Inschrijfduur: 5 jaren, 2 maanden, 15 dagen *",2026-04-20 00:41
Asstraat 90-2,'s-Gravenhage,Zelf inrichten,22,19-04-2026,Kandidaat voorgedragen door bewoners,2026-04-20 00:41
Uilenstede 154-1101,Amstelveen,Zelf inrichten,-,19-04-2026,Kandidaat voorgedragen door bewoners,2026-04-20 00:41
Uilenstede 18-101,Amstelveen,Zelf inrichten,-,19-04-2026,Kandidaat voorgedragen door bewoners,2026-04-20 00:41
Marijkeweg 20--203-J,Wageningen,Zelf inrichten,23,19-04-2026,Kandidaat voorgedragen door bewoners,2026-04-20 00:41
Haarweg 101--408,Wageningen,Gemeubileerd,3,19-04-2026,"Inschrijfduur: 1 jaar, 9 maanden, 21 dagen",2026-04-20 00:41
Bronland 4-503,Wageningen,Zelf inrichten,65,19-04-2026,"Inschrijfduur: 6 jaren, 5 maanden, 9 dagen",2026-04-20 00:41
Carolina MacGillavrylaan 2686,Amsterdam,Zelf inrichten,63,19-04-2026,"Inschrijfduur: 5 jaren, 1 maand, 6 dagen",2026-04-20 00:41
Kraanspoor 27-D13,Amsterdam,Gestoffeerd,37,18-04-2026,Inschrijfduur: 5 jaren,2026-04-20 00:41
Rotterdamseweg 139-B37,Delft,Zelf inrichten,-,18-04-2026,Kandidaat voorgedragen door bewoners,2026-04-20 00:41
van Hasseltlaan 250-A,Delft,Zelf inrichten,-,18-04-2026,Kandidaat voorgedragen door bewoners,2026-04-20 00:41
Walstraat 42--42,Wageningen,Zelf inrichten,-,18-04-2026,Kandidaat voorgedragen door bewoners,2026-04-20 00:41
Dwarsboomgaardsteeg 22-kmr 4,Leiden,Zelf inrichten,-,18-04-2026,Kandidaat voorgedragen door bewoners,2026-04-20 00:41
Haarweg 143--125,Wageningen,Zelf inrichten,6,18-04-2026,"Inschrijfduur: 1 jaar, 1 maand, 27 dagen",2026-04-20 00:41
Dijkgraaf 4--16A-5,Wageningen,Zelf inrichten,2,18-04-2026,"Inschrijfduur: 9 maanden, 4 dagen",2026-04-20 00:41
Oude Bennekomseweg 35--B002,Wageningen,Zelf inrichten,-,18-04-2026,Kandidaat voorgedragen door bewoners,2026-04-20 00:41
Haarweg 97--330,Wageningen,Gemeubileerd,1,18-04-2026,"Inschrijfduur: 1 jaar, 9 maanden, 14 dagen",2026-04-20 00:41
Marijkeweg 26--1B7,Wageningen,Zelf inrichten,31,18-04-2026,"Inschrijfduur: 4 jaren, 10 maanden, 24 dagen",2026-04-20 00:41
Bornsesteeg 1--06C-2,Wageningen,Gemeubileerd,7,18-04-2026,"Inschrijfduur: 1 jaar, 11 maanden, 9 dagen",2026-04-20 00:41
Oudraadtweg 35-K 12,Delft,Zelf inrichten,-,17-04-2026,Kandidaat voorgedragen door bewoners,2026-04-20 00:41
Echtenstein 176-B,Amsterdam,Zelf inrichten,-,17-04-2026,Kandidaat voorgedragen door bewoners,2026-04-20 00:41
Nicolaas Beetslaan 37-k1,Delft,Zelf inrichten,-,17-04-2026,Kandidaat voorgedragen door bewoners,2026-04-20 00:41
Rotterdamseweg 139-A137,Delft,Zelf inrichten,40,17-04-2026,"Inschrijfduur: 5 jaren, 11 maanden, 5 dagen",2026-04-20 00:41
Uilenstede 179-4152,Amstelveen,Zelf inrichten,-,17-04-2026,Kandidaat voorgedragen door bewoners,2026-04-20 00:41
Haarweg 95--326,Wageningen,Zelf inrichten,9,17-04-2026,"Inschrijfduur: 3 jaren, 14 dagen",2026-04-20 00:41
Hobbemastraat 77-1,'s-Gravenhage,Zelf inrichten,30,17-04-2026,"Inschrijfduur: 3 jaren, 7 maanden, 16 dagen",2026-04-20 00:41
Hoevestein 239--11A-4,Wageningen,Zelf inrichten,3,17-04-2026,"Inschrijfduur: 1 jaar, 15 dagen",2026-04-20 00:41
Röntgenweg 931,Delft,Zelf inrichten,65,17-04-2026,"Inschrijfduur: 5 jaren, 5 maanden, 5 dagen",2026-04-20 00:41
Opaallaan 492,Hoofddorp,Zelf inrichten,22,17-04-2026,"Inschrijfduur: 1 jaar, 2 maanden, 19 dagen",2026-04-20 00:41
Nudestraat 15--18,Wageningen,Zelf inrichten,5,17-04-2026,"Inschrijfduur: 5 jaren, 3 maanden, 19 dagen",2026-04-20 00:41
Haarweg 301--B-4,Wageningen,Zelf inrichten,-,17-04-2026,Kandidaat voorgedragen door bewoners,2026-04-20 00:41
Rijswijkseweg 340-73,'s-Gravenhage,Zelf inrichten,43,17-04-2026,"Inschrijfduur: 7 jaren, 11 maanden, 2 dagen",2026-04-20 00:41
Balthasar van der Polweg 294-A,Delft,Zelf inrichten,-,17-04-2026,Kandidaat voorgedragen door bewoners,2026-04-20 00:41
Uilenstede 47-3268,Amstelveen,Zelf inrichten,-,17-04-2026,Kandidaat voorgedragen door bewoners,2026-04-20 00:41
Van Hasseltlaan 654,Delft,Zelf inrichten,15,17-04-2026,Direct offer - Reactietijd,2026-04-20 00:41
Leemansplein 350,'s-Gravenhage,Zelf inrichten,65,17-04-2026,"Inschrijfduur: 4 jaren, 5 maanden, 22 dagen",2026-04-20 00:41
Balthasar van der Polweg 160-B,Delft,Zelf inrichten,87,17-04-2026,"Inschrijfduur: 4 jaren, 10 maanden, 2 dagen *",2026-04-20 00:41
Van Hasseltlaan 391,Delft,Gemeubileerd,16,17-04-2026,Direct offer - Reactietijd,2026-04-20 00:41
Gaudikade 171,Hoofddorp,Gestoffeerd,21,17-04-2026,"Inschrijfduur: 1 jaar, 7 maanden, 23 dagen",2026-04-20 00:41
Oude Singel 68-K 8,Leiden,Zelf inrichten,-,17-04-2026,Kandidaat voorgedragen door bewoners,2026-04-20 00:41
Rijnveste 87--3,Wageningen,Zelf inrichten,-,17-04-2026,Kandidaat voorgedragen door bewoners,2026-04-20 00:41
Middelstegracht 2-M,Leiden,Zelf inrichten,92,17-04-2026,"Inschrijfduur: 8 jaren, 2 maanden, 13 dagen",2026-04-20 00:41
Leemansplein 453,'s-Gravenhage,Zelf inrichten,52,17-04-2026,"Inschrijfduur: 5 jaren, 3 maanden, 21 dagen",2026-04-20 00:41
Krelis Louwenstraat 5-C12,Amsterdam,Zelf inrichten,43,17-04-2026,"Inschrijfduur: 7 jaren, 10 maanden, 16 dagen",2026-04-20 00:41
Uilenstede 160-1150,Amstelveen,Zelf inrichten,-,17-04-2026,Kandidaat voorgedragen door bewoners,2026-04-20 00:41
Hooigracht 39-K 4,Leiden,Zelf inrichten,-,17-04-2026,Kandidaat voorgedragen door bewoners,2026-04-20 00:41
Spaarndamseweg 236-0505,Haarlem,Zelf inrichten,11,17-04-2026,"Inschrijfduur: 1 jaar, 9 dagen",2026-04-20 00:41
Bornsesteeg 1--17B-1,Wageningen,Gemeubileerd,7,17-04-2026,"Inschrijfduur: 1 jaar, 10 maanden, 10 dagen",2026-04-20 00:41
Uilenstede 49-3291,Amstelveen,Zelf inrichten,-,17-04-2026,Kandidaat voorgedragen door bewoners,2026-04-20 00:41
Oude Vest 35-K 27,Leiden,Zelf inrichten,-,17-04-2026,Kandidaat voorgedragen door bewoners,2026-04-20 00:41
Bornsesteeg 1--14A-5,Wageningen,Gemeubileerd,15,17-04-2026,"Inschrijfduur: 2 jaren, 5 maanden, 6 dagen",2026-04-20 00:41
Bornsesteeg 1--07A-6,Wageningen,Gemeubileerd,7,17-04-2026,"Inschrijfduur: 1 jaar, 11 maanden, 15 dagen",2026-04-20 00:41
Kraanspoor 21-B13,Amsterdam,Zelf inrichten,49,17-04-2026,"Inschrijfduur: 4 jaren, 4 maanden, 2 dagen",2026-04-20 00:41
Darlingstraat 371,Amsterdam,Zelf inrichten,20,17-04-2026,"Inschrijfduur: 9 maanden, 18 dagen",2026-04-20 00:41
Bornsesteeg 1--16A-2,Wageningen,Gemeubileerd,8,17-04-2026,"Inschrijfduur: 3 jaren, 8 maanden, 23 dagen",2026-04-20 00:41
Leemansplein 201,'s-Gravenhage,Gemeubileerd,32,17-04-2026,Direct offer - Reactietijd,2026-04-20 00:41
Bornsesteeg 1--10C-9,Wageningen,Gemeubileerd,12,17-04-2026,"Inschrijfduur: 2 jaren, 2 maanden, 10 dagen",2026-04-20 00:41
Costerweg 65--12,Wageningen,Zelf inrichten,26,17-04-2026,"Inschrijfduur: 3 jaren, 5 maanden, 7 dagen *",2026-04-20 00:41
Duindoornstraat 91-K11,Groningen,Gestoffeerd,11,17-04-2026,"Inschrijfduur: 1 jaar, 4 dagen",2026-04-20 00:41
Duindoornstraat 131-K7,Groningen,Gestoffeerd,7,17-04-2026,"Inschrijfduur: 3 jaren, 2 maanden, 11 dagen",2026-04-20 00:41
Dudokstraat 15,Hoofddorp,Zelf inrichten,25,17-04-2026,"Inschrijfduur: 2 jaren, 8 maanden, 3 dagen",2026-04-20 00:41
Michiel de Ruyterweg 182,Delft,Zelf inrichten,42,17-04-2026,"Inschrijfduur: 5 jaren, 28 dagen *",2026-04-20 00:41
Hoefweg 93--2,Ede,Zelf inrichten,-,17-04-2026,Kandidaat voorgedragen door bewoners,2026-04-20 00:41
Pelikaanhof 129,Leiden,Zelf inrichten,130,17-04-2026,"Inschrijfduur: 6 jaren, 7 maanden, 25 dagen",2026-04-20 00:41
Damsport 135-K2,Groningen,Zelf inrichten,8,17-04-2026,"Inschrijfduur: 1 jaar, 6 maanden, 23 dagen",2026-04-20 00:41
Korvezeestraat 216,Delft,Zelf inrichten,94,17-04-2026,"Inschrijfduur: 5 jaren, 10 maanden, 18 dagen",2026-04-20 00:41
Javastraat 306,Wageningen,Zelf inrichten,35,17-04-2026,"Inschrijfduur: 6 jaren, 10 maanden, 7 dagen",2026-04-20 00:41
Darlingstraat 391,Amsterdam,Zelf inrichten,34,17-04-2026,"Inschrijfduur: 3 jaren, 16 dagen",2026-04-20 00:41
Ben van Londenstraat 22--3,Wageningen,Zelf inrichten,-,17-04-2026,Kandidaat voorgedragen door bewoners,2026-04-20 00:41
Gaudikade 405,Hoofddorp,Zelf inrichten,9,17-04-2026,"Inschrijfduur: 4 maanden, 2 dagen",2026-04-20 00:41
Van Hasseltlaan 304,Delft,Zelf inrichten,17,17-04-2026,"Inschrijfduur: 3 jaren, 5 maanden, 8 dagen",2026-04-20 00:41
Pelikaanhof 166-A,Leiden,Zelf inrichten,-,17-04-2026,Kandidaat voorgedragen door bewoners,2026-04-20 00:41
Bornsesteeg 1--15C-3,Wageningen,Gemeubileerd,12,17-04-2026,"Inschrijfduur: 1 jaar, 10 maanden, 7 dagen",2026-04-20 00:41
Uilenstede 160-1139,Amstelveen,Zelf inrichten,-,17-04-2026,Kandidaat voorgedragen door bewoners,2026-04-20 00:41
Uilenstede 165-4053,Amstelveen,Zelf inrichten,-,17-04-2026,Kandidaat voorgedragen door bewoners,2026-04-20 00:41
Bornsesteeg 1--02A-8,Wageningen,Gemeubileerd,8,17-04-2026,"Inschrijfduur: 1 jaar, 10 maanden, 10 dagen",2026-04-20 00:41
van Hasseltlaan 250-D,Delft,Zelf inrichten,-,17-04-2026,Kandidaat voorgedragen door bewoners,2026-04-20 00:41
Bornsesteeg 1--14A-6,Wageningen,Gemeubileerd,8,17-04-2026,"Inschrijfduur: 2 jaren, 2 maanden, 9 dagen",2026-04-20 00:41
Bruynssteeg 2-k4,Deventer,Zelf inrichten,-,17-04-2026,Kandidaat voorgedragen door bewoners,2026-04-20 00:41
Eendrachtskade 170-K1,Groningen,Zelf inrichten,17,17-04-2026,"Inschrijfduur: 1 jaar, 11 maanden, 1 dag",2026-04-20 00:41
Hoevestein 239--14B-1,Wageningen,Zelf inrichten,6,17-04-2026,"Inschrijfduur: 2 jaren, 7 maanden, 2 dagen",2026-04-20 00:41
Uilenstede 98-659,Amstelveen,Zelf inrichten,-,17-04-2026,Kandidaat voorgedragen door bewoners,2026-04-20 00:41
Bornsesteeg 1--20C-5,Wageningen,Gemeubileerd,19,17-04-2026,"Inschrijfduur: 1 jaar, 10 maanden, 9 dagen",2026-04-20 00:41
Van Hasseltlaan 498,Delft,Gemeubileerd,57,17-04-2026,Direct offer - Reactietijd,2026-04-20 00:41
Dudokstraat 79,Hoofddorp,Zelf inrichten,8,17-04-2026,"Inschrijfduur: 5 maanden, 18 dagen",2026-04-20 00:41
Omegaplantsoen 839,Leiden,Zelf inrichten,46,16-04-2026,"Inschrijfduur: 7 jaren, 2 maanden, 16 dagen",2026-04-20 00:41
Haarweg 191--110,Wageningen,Zelf inrichten,41,16-04-2026,"Inschrijfduur: 6 jaren, 8 maanden, 13 dagen",2026-04-20 00:41
Uilenstede 30-200,Amstelveen,Zelf inrichten,-,16-04-2026,Kandidaat voorgedragen door bewoners,2026-04-20 00:41
Enthovenplein 40,'s-Gravenhage,Zelf inrichten,43,16-04-2026,"Inschrijfduur: 3 jaren, 10 maanden, 14 dagen",2026-04-20 00:41
Sigmaplantsoen 521,Leiden,Zelf inrichten,106,16-04-2026,"Inschrijfduur: 5 jaren, 7 dagen",2026-04-20 00:41
Hugo de Grootstraat 32-K 17,Leiden,Zelf inrichten,61,16-04-2026,"Inschrijfduur: 6 jaren, 11 maanden, 12 dagen",2026-04-20 00:41
Darlingstraat 749,Amsterdam,Zelf inrichten,43,16-04-2026,"Inschrijfduur: 3 jaren, 8 maanden, 8 dagen",2026-04-20 00:41
Nieuwe Kanaal 1--036,Wageningen,Gemeubileerd,9,16-04-2026,"Inschrijfduur: 2 jaren, 7 dagen",2026-04-20 00:41
Haarweg 9--103,Wageningen,Gemeubileerd,1,16-04-2026,"Inschrijfduur: 1 jaar, 8 maanden, 28 dagen",2026-04-20 00:41
Uilenstede 506-111,Amstelveen,Zelf inrichten,48,16-04-2026,"Inschrijfduur: 4 jaren, 11 maanden, 24 dagen",2026-04-20 00:41
Haarweg 81--132,Wageningen,Zelf inrichten,3,16-04-2026,"Inschrijfduur: 1 jaar, 5 maanden, 6 dagen",2026-04-20 00:41
Bornsesteeg 1--17C-2,Wageningen,Gemeubileerd,8,16-04-2026,"Inschrijfduur: 1 jaar, 10 maanden, 8 dagen",2026-04-20 00:41
Gaudikade 691,Hoofddorp,Zelf inrichten,25,16-04-2026,"Inschrijfduur: 2 jaren, 24 dagen",2026-04-20 00:41
Omegaplantsoen 969,Leiden,Zelf inrichten,86,16-04-2026,"Inschrijfduur: 6 jaren, 10 maanden, 3 dagen",2026-04-20 00:41
Uilenstede 27-3128,Amstelveen,Zelf inrichten,-,16-04-2026,Kandidaat voorgedragen door bewoners,2026-04-20 00:41
Kees Broekmanstraat 328,Amsterdam,Zelf inrichten,63,16-04-2026,"Inschrijfduur: 4 jaren, 9 maanden, 6 dagen",2026-04-20 00:41
Pelikaanhof 157-B,Leiden,Zelf inrichten,-,16-04-2026,Kandidaat voorgedragen door bewoners,2026-04-20 00:41
Van Hasseltlaan 92,Delft,Zelf inrichten,16,16-04-2026,"Inschrijfduur: 3 jaren, 8 maanden, 29 dagen",2026-04-20 00:41
Korvezeestraat 132,Delft,Zelf inrichten,-,16-04-2026,Maatwerk / Urgentie,2026-04-20 00:41
Bornsesteeg 1--04C-5,Wageningen,Gemeubileerd,9,16-04-2026,"Inschrijfduur: 2 jaren, 5 maanden, 17 dagen",2026-04-20 00:41
Dennenrodepad 28,Amsterdam,Zelf inrichten,37,16-04-2026,"Inschrijfduur: 1 jaar, 6 maanden, 28 dagen",2026-04-20 00:41
Delftstraat 52-0106,Haarlem,Zelf inrichten,15,16-04-2026,"Inschrijfduur: 1 jaar, 7 maanden, 11 dagen",2026-04-20 00:41
Pelikaanhof 163-E,Leiden,Zelf inrichten,-,16-04-2026,Kandidaat voorgedragen door bewoners,2026-04-20 00:41
Darlingstraat 319,Amsterdam,Zelf inrichten,29,16-04-2026,"Inschrijfduur: 2 jaren, 3 maanden, 7 dagen",2026-04-20 00:41
Kloosterpoort 177,Leiden,Gemeubileerd,5,16-04-2026,Direct offer - Reactietijd,2026-04-20 00:41
Hooigracht 36-K 1,Leiden,Zelf inrichten,-,16-04-2026,Kandidaat voorgedragen door bewoners,2026-04-20 00:41
Walstraat 6--35,Wageningen,Zelf inrichten,-,16-04-2026,Kandidaat voorgedragen door bewoners,2026-04-20 00:41
Deltaweg 1086,Leiden,Zelf inrichten,49,16-04-2026,"Inschrijfduur: 5 jaren, 8 maanden, 6 dagen",2026-04-20 00:41
van Hasseltlaan 216-G,Delft,Zelf inrichten,-,16-04-2026,Kandidaat voorgedragen door bewoners,2026-04-20 00:41
Rotterdamseweg 139-A63 a,Delft,Zelf inrichten,-,16-04-2026,Kandidaat voorgedragen door bewoners,2026-04-20 00:41
George Balanchinestraat 118,Amsterdam,Gemeubileerd,1,16-04-2026,Direct offer - Reactietijd,2026-04-20 00:41
Kloveniersburgwal 80-2,Amsterdam,Zelf inrichten,-,16-04-2026,Kandidaat voorgedragen door bewoners,2026-04-20 00:41
Dennenrodepad 143,Amsterdam,Zelf inrichten,37,16-04-2026,"Inschrijfduur: 3 jaren, 11 maanden, 6 dagen",2026-04-20 00:41
Bornsesteeg 1--18C-9,Wageningen,Gemeubileerd,15,16-04-2026,"Inschrijfduur: 2 jaren, 8 maanden, 5 dagen",2026-04-20 00:41
Nieuwe Kanaal 1--061,Wageningen,Gemeubileerd,12,16-04-2026,"Inschrijfduur: 1 jaar, 10 maanden, 3 dagen",2026-04-20 00:41
Michiel de Ruyterweg 316,Delft,Zelf inrichten,52,16-04-2026,"Inschrijfduur: 5 jaren, 1 maand *",2026-04-20 00:41
Esdoornlaan 296-K3,Groningen,Gestoffeerd,9,16-04-2026,"Inschrijfduur: 1 jaar, 9 maanden, 20 dagen",2026-04-20 00:41
Duindoornstraat 131-K15,Groningen,Gestoffeerd,11,16-04-2026,"Inschrijfduur: 1 jaar, 7 maanden, 9 dagen",2026-04-20 00:41
Damsport 151-K1,Groningen,Zelf inrichten,1,16-04-2026,"Inschrijfduur: 9 maanden, 7 dagen",2026-04-20 00:41
Balthasar van der Polweg 160-A,Delft,Zelf inrichten,85,16-04-2026,"Inschrijfduur: 6 jaren, 10 maanden, 14 dagen *",2026-04-20 00:41
Nieuwe Kanaal 1--133,Wageningen,Gemeubileerd,10,16-04-2026,"Inschrijfduur: 2 jaren, 3 maanden, 10 dagen",2026-04-20 00:41
Darlingstraat 493,Amsterdam,Zelf inrichten,22,16-04-2026,"Inschrijfduur: 1 jaar, 11 maanden, 21 dagen",2026-04-20 00:41
Dijkgraaf 4--12C-1,Wageningen,Zelf inrichten,2,16-04-2026,"Inschrijfduur: 2 jaren, 5 maanden, 16 dagen",2026-04-20 00:41
Dudokstraat 91,Hoofddorp,Gestoffeerd,12,16-04-2026,"Inschrijfduur: 9 maanden, 21 dagen",2026-04-20 00:41
Callistoweg 538,'s-Gravenhage,Zelf inrichten,54,16-04-2026,"Inschrijfduur: 3 jaren, 11 maanden, 1 dag",2026-04-20 00:41
Dijkgraaf 4--13B-9,Wageningen,Zelf inrichten,2,16-04-2026,"Inschrijfduur: 1 maand, 12 dagen",2026-04-20 00:41
Rijnveste 70--3,Wageningen,Zelf inrichten,-,15-04-2026,Kandidaat voorgedragen door bewoners,2026-04-20 00:41
Cornelis Lelylaan 5-H9,Amsterdam,Gemeubileerd,18,15-04-2026,Direct offer - Reactietijd,2026-04-20 00:41
Phoenixstraat 84-A,Delft,Zelf inrichten,-,15-04-2026,Kandidaat voorgedragen door bewoners,2026-04-20 00:41
Jan Michielshof 5,Leiden,Zelf inrichten,112,15-04-2026,"Inschrijfduur: 7 jaren, 10 maanden, 14 dagen",2026-04-20 00:41
Daalwijk 406-B,Amsterdam,Zelf inrichten,-,15-04-2026,Kandidaat voorgedragen door bewoners,2026-04-20 00:41
Hoevestein 239--08C-4,Wageningen,Gemeubileerd,2,15-04-2026,"Inschrijfduur: 1 jaar, 10 maanden, 29 dagen",2026-04-20 00:41
E. du Perronlaan 732-D,Delft,Zelf inrichten,-,15-04-2026,Kandidaat voorgedragen door bewoners,2026-04-20 00:41
Bruynssteeg 2-A k4,Deventer,Zelf inrichten,-,15-04-2026,Kandidaat voorgedragen door bewoners,2026-04-20 00:41
Middelstegracht 2-J,Leiden,Zelf inrichten,111,15-04-2026,"Inschrijfduur: 7 jaren, 6 maanden, 29 dagen",2026-04-20 00:41
Wielmakersteeg 3-K 14,Leiden,Zelf inrichten,-,15-04-2026,Kandidaat voorgedragen door bewoners,2026-04-20 00:41
Ben van Londenstraat 22--5,Wageningen,Zelf inrichten,-,15-04-2026,Kandidaat voorgedragen door bewoners,2026-04-20 00:41
Bos en Lommerplein 165-N,Amsterdam,Zelf inrichten,63,15-04-2026,"Inschrijfduur: 7 jaren, 5 maanden, 8 dagen",2026-04-20 00:41
Dennenrodepad 843,Amsterdam,Zelf inrichten,42,15-04-2026,"Inschrijfduur: 3 jaren, 11 maanden, 28 dagen",2026-04-20 00:41
Gaudikade 267,Hoofddorp,Zelf inrichten,17,15-04-2026,"Inschrijfduur: 1 jaar, 1 maand, 27 dagen",2026-04-20 00:41
Haarweg 113--529,Wageningen,Zelf inrichten,2,15-04-2026,"Inschrijfduur: 1 jaar, 30 dagen",2026-04-20 00:41
Zijlstroom 131-K 3,Leiderdorp,Zelf inrichten,-,15-04-2026,Kandidaat voorgedragen door bewoners,2026-04-20 00:41
Javastraat 134,Wageningen,Zelf inrichten,36,15-04-2026,"Inschrijfduur: 6 jaren, 4 maanden, 21 dagen",2026-04-20 00:41
Flanorpad 6-A K 2,Leiden,Zelf inrichten,-,15-04-2026,Kandidaat voorgedragen door bewoners,2026-04-20 00:41
Flanorpad 2-D 7,Leiden,Zelf inrichten,-,15-04-2026,Kandidaat voorgedragen door bewoners,2026-04-20 00:41
Haarweg 309--D-5,Wageningen,Zelf inrichten,-,15-04-2026,Kandidaat voorgedragen door bewoners,2026-04-20 00:41
Omegaplantsoen 703,Leiden,Zelf inrichten,41,15-04-2026,"Inschrijfduur: 4 jaren, 6 maanden, 11 dagen",2026-04-20 00:41
Cornelis Lelylaan 5-N7,Amsterdam,Zelf inrichten,122,15-04-2026,"Inschrijfduur: 10 jaren, 5 maanden, 15 dagen",2026-04-20 00:41
Pelikaanhof 11-B,Leiden,Zelf inrichten,-,15-04-2026,Kandidaat voorgedragen door bewoners,2026-04-20 00:41
Klikspaanweg 56-K 6,Leiden,Zelf inrichten,-,15-04-2026,Kandidaat voorgedragen door bewoners,2026-04-20 00:41
Dwarsboomgaardsteeg 22-kmr 1,Leiden,Zelf inrichten,-,15-04-2026,Kandidaat voorgedragen door bewoners,2026-04-20 00:41
Thorbeckehof 89,Oegstgeest,Zelf inrichten,7,15-04-2026,"Inschrijfduur: 5 jaren, 11 maanden, 27 dagen",2026-04-20 00:41
Witte Rozenstraat 20-K 3,Leiden,Zelf inrichten,-,15-04-2026,Kandidaat voorgedragen door bewoners,2026-04-20 00:41
Uilenstede 29-3152,Amstelveen,Zelf inrichten,-,15-04-2026,Kandidaat voorgedragen door bewoners,2026-04-20 00:41
Pelikaanhof 149-E,Leiden,Zelf inrichten,-,15-04-2026,Kandidaat voorgedragen door bewoners,2026-04-20 00:41
Stieltjesweg 36,Delft,Zelf inrichten,51,15-04-2026,"Inschrijfduur: 4 jaren, 9 maanden, 6 dagen",2026-04-20 00:41
Bornsesteeg 1--09A-11,Wageningen,Gemeubileerd,8,15-04-2026,"Inschrijfduur: 1 jaar, 10 maanden, 3 dagen",2026-04-20 00:41
Hoevestein 239--01B-7,Wageningen,Zelf inrichten,5,15-04-2026,"Inschrijfduur: 9 maanden, 18 dagen",2026-04-20 00:41
Mouterij 58--1,Wageningen,Zelf inrichten,17,15-04-2026,"Inschrijfduur: 3 jaren, 5 maanden, 24 dagen",2026-04-20 00:41
Uilenstede 228-B,Amstelveen,Zelf inrichten,120,15-04-2026,"Inschrijfduur: 8 jaren, 9 maanden, 6 dagen",2026-04-20 00:41
Echtenstein 152-B,Amsterdam,Zelf inrichten,-,15-04-2026,Kandidaat voorgedragen door bewoners,2026-04-20 00:41
Pelikaanhof 113-D,Leiden,Zelf inrichten,-,15-04-2026,Kandidaat voorgedragen door bewoners,2026-04-20 00:41
Phoenixstraat 84-C,Delft,Zelf inrichten,-,15-04-2026,Kandidaat voorgedragen door bewoners,2026-04-20 00:41
Eerste Ringdijkstraat 158,Amsterdam,Zelf inrichten,101,15-04-2026,"Inschrijfduur: 8 jaren, 4 maanden, 24 dagen",2026-04-20 00:41
Uilenstede 248-1697,Amstelveen,Zelf inrichten,-,15-04-2026,Kandidaat voorgedragen door bewoners,2026-04-20 00:41
Haarweg 103--423,Wageningen,Zelf inrichten,5,15-04-2026,"Inschrijfduur: 2 jaren, 10 maanden, 16 dagen",2026-04-20 00:41
Bornsesteeg 1--20B-4,Wageningen,Gemeubileerd,9,15-04-2026,"Inschrijfduur: 2 jaren, 10 maanden, 13 dagen",2026-04-20 00:41
Dijkgraaf 4--02A18,Wageningen,Zelf inrichten,3,15-04-2026,"Inschrijfduur: 7 maanden, 11 dagen",2026-04-20 00:41
Rijnveste 92--2,Wageningen,Zelf inrichten,-,15-04-2026,Kandidaat voorgedragen door bewoners,2026-04-20 00:41
Haarweg 311--B-3,Wageningen,Zelf inrichten,-,15-04-2026,Kandidaat voorgedragen door bewoners,2026-04-20 00:41
Hoevestein 239--12C-1,Wageningen,Gemeubileerd,2,15-04-2026,"Inschrijfduur: 2 maanden, 24 dagen",2026-04-20 00:41
Duindoornstraat 105-K6,Groningen,Gemeubileerd,3,15-04-2026,"Inschrijfduur: 6 maanden, 7 dagen",2026-04-20 00:41
Bornsesteeg 1--15C-2,Wageningen,Gemeubileerd,9,15-04-2026,"Inschrijfduur: 1 jaar, 9 maanden, 17 dagen",2026-04-20 00:41
Rudi van Dantzigstraat 1050,Amsterdam,Zelf inrichten,45,15-04-2026,"Inschrijfduur: 3 jaren, 11 maanden, 27 dagen",2026-04-20 00:41
Costerweg 65--207,Wageningen,Zelf inrichten,15,15-04-2026,"Inschrijfduur: 5 jaren, 3 maanden, 9 dagen",2026-04-20 00:41
Haarweg 35--407,Wageningen,Zelf inrichten,1,15-04-2026,Inschrijfduur: 18 dagen,2026-04-20 00:41
Bornsesteeg 1--09B-11,Wageningen,Gemeubileerd,9,15-04-2026,"Inschrijfduur: 1 jaar, 10 maanden, 12 dagen",2026-04-20 00:41
Balthasar van der Polweg 68-A,Delft,Zelf inrichten,-,14-04-2026,Kandidaat voorgedragen door bewoners,2026-04-20 00:41
Pierre Lallementstraat 262,Amsterdam,Zelf inrichten,110,14-04-2026,"Inschrijfduur: 7 jaren, 6 maanden",2026-04-20 00:41
Röntgenweg 761,Delft,Zelf inrichten,81,14-04-2026,"Inschrijfduur: 5 jaren, 2 maanden, 19 dagen",2026-04-20 00:41
Haarweg 7--34,Wageningen,Zelf inrichten,5,14-04-2026,"Inschrijfduur: 2 jaren, 10 dagen",2026-04-20 00:41
Nieuwe Kanaal 1--263,Wageningen,Gemeubileerd,5,14-04-2026,"Inschrijfduur: 3 jaren, 1 maand, 1 dag",2026-04-20 00:41
Stieltjesweg 504,Delft,Zelf inrichten,57,14-04-2026,"Inschrijfduur: 4 jaren, 10 maanden, 21 dagen",2026-04-20 00:41
Marijkeweg 20--608,Wageningen,Zelf inrichten,26,14-04-2026,"Inschrijfduur: 4 jaren, 4 maanden, 10 dagen",2026-04-20 00:41
Isaäc da Costalaan 411-k3,Delft,Zelf inrichten,-,14-04-2026,Kandidaat voorgedragen door bewoners,2026-04-20 00:41
Kloveniersburgwal 80-3,Amsterdam,Zelf inrichten,-,14-04-2026,Kandidaat voorgedragen door bewoners,2026-04-20 00:41
Bornsesteeg 1--17C-5,Wageningen,Gemeubileerd,10,14-04-2026,"Inschrijfduur: 2 jaren, 1 maand",2026-04-20 00:41
Jacoba van Beierenlaan 19-K17,Delft,Zelf inrichten,-,14-04-2026,Kandidaat voorgedragen door bewoners,2026-04-20 00:41
Michiel de Ruyterweg 176,Delft,Zelf inrichten,-,14-04-2026,Maatwerk / Urgentie,2026-04-20 00:41
Hildebrandpad 610,Leiden,Zelf inrichten,41,14-04-2026,"Inschrijfduur: 5 jaren, 2 maanden, 15 dagen",2026-04-20 00:41
Opaallaan 1010,Hoofddorp,Zelf inrichten,10,14-04-2026,"Inschrijfduur: 1 jaar, 13 dagen",2026-04-20 00:41
Bronland 4-234,Wageningen,Zelf inrichten,45,14-04-2026,"Inschrijfduur: 7 jaren, 6 maanden, 13 dagen",2026-04-20 00:41
Thorbeckehof 37,Oegstgeest,Zelf inrichten,40,14-04-2026,"Inschrijfduur: 7 jaren, 5 maanden, 21 dagen",2026-04-20 00:41
2e Kruisstraat 5-B k2,Deventer,Zelf inrichten,-,14-04-2026,Kandidaat voorgedragen door bewoners,2026-04-20 00:41
Rijnsburgerweg 193-B 19a,Leiden,Zelf inrichten,-,14-04-2026,Kandidaat voorgedragen door bewoners,2026-04-20 00:41
Haarweg 281--204,Wageningen,Zelf inrichten,55,14-04-2026,"Inschrijfduur: 7 jaren, 28 dagen",2026-04-20 00:41
Dijkgraaf 4--17B-2,Wageningen,Zelf inrichten,1,14-04-2026,"Inschrijfduur: 2 jaren, 4 maanden, 23 dagen",2026-04-20 00:41
Nieuwe Kanaal 1--242,Wageningen,Gemeubileerd,11,14-04-2026,"Inschrijfduur: 2 jaren, 3 dagen",2026-04-20 00:41
Jacoba van Beierenlaan 87-K 7,Delft,Zelf inrichten,-,14-04-2026,Kandidaat voorgedragen door bewoners,2026-04-20 00:41
Bornsesteeg 1--03C-5,Wageningen,Gemeubileerd,17,14-04-2026,"Inschrijfduur: 2 jaren, 9 maanden, 10 dagen",2026-04-20 00:41
Costerweg 65--411,Wageningen,Zelf inrichten,25,14-04-2026,"Inschrijfduur: 3 jaren, 10 maanden, 19 dagen",2026-04-20 00:41
Kolffpad 291,Leiden,Zelf inrichten,41,14-04-2026,"Inschrijfduur: 4 jaren, 7 maanden, 26 dagen",2026-04-20 00:41
Marijkeweg 20--205-B,Wageningen,Zelf inrichten,26,14-04-2026,"Inschrijfduur: 3 jaren, 6 maanden, 18 dagen",2026-04-20 00:41
Louis Couperuslaan 43-1,Delft,Zelf inrichten,-,14-04-2026,Kandidaat voorgedragen door bewoners,2026-04-20 00:41
Uilenstede 506-47,Amstelveen,Zelf inrichten,44,14-04-2026,"Inschrijfduur: 4 jaren, 10 maanden, 19 dagen",2026-04-20 00:41
Prof. Schermerhornstraat 77-4,Delft,Gemeubileerd,7,14-04-2026,Direct offer - Reactietijd,2026-04-20 00:41
Ravenhorst 38-kmr 3,Leiden,Zelf inrichten,-,14-04-2026,Kandidaat voorgedragen door bewoners,2026-04-20 00:41
Nieuwe Kanaal 1--170,Wageningen,Gemeubileerd,14,14-04-2026,"Inschrijfduur: 2 jaren, 1 maand, 7 dagen",2026-04-20 00:41
Oudezijds Achterburgwal 217-B3 26,Amsterdam,Zelf inrichten,-,14-04-2026,Kandidaat voorgedragen door bewoners,2026-04-20 00:41
Röntgenweg 289,Delft,Zelf inrichten,76,14-04-2026,"Inschrijfduur: 6 jaren, 3 maanden, 8 dagen",2026-04-20 00:41
Vrijheidslaan 280-1,Leiden,Zelf inrichten,-,14-04-2026,Kandidaat voorgedragen door bewoners,2026-04-20 00:41
Hoevestein 239--04B-5,Wageningen,Zelf inrichten,3,14-04-2026,"Inschrijfduur: 1 jaar, 8 maanden, 15 dagen",2026-04-20 00:41
Dudokstraat 213,Hoofddorp,Zelf inrichten,12,14-04-2026,"Inschrijfduur: 1 jaar, 8 dagen",2026-04-20 00:41
Nieuwe Kanaal 1--138,Wageningen,Gemeubileerd,12,14-04-2026,"Inschrijfduur: 2 jaren, 1 maand, 15 dagen",2026-04-20 00:41
Bornsesteeg 1--17C-3,Wageningen,Gemeubileerd,14,14-04-2026,"Inschrijfduur: 2 jaren, 9 dagen",2026-04-20 00:41
Kolffpad 543,Leiden,Zelf inrichten,56,14-04-2026,"Inschrijfduur: 6 jaren, 4 dagen",2026-04-20 00:41
Esdoornlaan 258-K3,Groningen,Gestoffeerd,4,14-04-2026,"Inschrijfduur: 1 jaar, 9 maanden, 28 dagen",2026-04-20 00:41
Damstersingel 6-B K3,Groningen,Zelf inrichten,9,14-04-2026,"Inschrijfduur: 2 jaren, 9 dagen",2026-04-20 00:41
Kleine Gelkingestraat 10-K4,Groningen,Zelf inrichten,-,14-04-2026,Kandidaat voorgedragen door bewoners,2026-04-20 00:41
Hoefweg 129--2,Ede,Zelf inrichten,1,13-04-2026,"Inschrijfduur: 1 maand, 17 dagen",2026-04-20 00:41
Epsilonplantsoen 177,Leiden,Zelf inrichten,101,13-04-2026,"Inschrijfduur: 5 jaren, 9 maanden, 13 dagen",2026-04-20 00:41
Lambertushof 12,Leiden,Zelf inrichten,77,13-04-2026,"Inschrijfduur: 8 jaren, 8 maanden, 22 dagen",2026-04-20 00:41
Dennenrodepad 153,Amsterdam,Zelf inrichten,20,13-04-2026,"Inschrijfduur: 2 jaren, 2 maanden, 6 dagen",2026-04-20 00:41
Churchillweg 2--309,Wageningen,Zelf inrichten,12,13-04-2026,"Inschrijfduur: 3 jaren, 9 maanden, 17 dagen",2026-04-20 00:41
Cornelis Lelylaan 3-B36,Amsterdam,Zelf inrichten,44,13-04-2026,"Inschrijfduur: 5 jaren, 1 maand, 15 dagen",2026-04-20 00:41
Balthasar van der Polweg 1018,Delft,Zelf inrichten,54,13-04-2026,"Inschrijfduur: 4 jaren, 10 maanden, 12 dagen *",2026-04-20 00:41
Klikspaanweg 51-K 19,Leiden,Zelf inrichten,-,13-04-2026,Kandidaat voorgedragen door bewoners,2026-04-20 00:41
Dennenrodepad 977,Amsterdam,Zelf inrichten,28,13-04-2026,"Inschrijfduur: 2 jaren, 3 maanden, 15 dagen",2026-04-20 00:41
Hildebrandpad 156,Leiden,Zelf inrichten,61,13-04-2026,"Inschrijfduur: 5 jaren, 8 maanden, 16 dagen",2026-04-20 00:41
Marijkeweg 20--113,Wageningen,Zelf inrichten,17,13-04-2026,"Inschrijfduur: 5 jaren, 1 maand, 16 dagen",2026-04-20 00:41
Uilenstede 508-L 29,Amstelveen,Zelf inrichten,-,13-04-2026,Kandidaat voorgedragen door bewoners,2026-04-20 00:41
Stieltjesweg 570-C,Delft,Zelf inrichten,-,13-04-2026,Kandidaat voorgedragen door bewoners,2026-04-20 00:41
Callistoweg 530,'s-Gravenhage,Zelf inrichten,63,13-04-2026,"Inschrijfduur: 5 jaren, 6 maanden, 21 dagen",2026-04-20 00:41
Hooigracht 1-G,Leiden,Zelf inrichten,82,13-04-2026,"Inschrijfduur: 7 jaren, 9 maanden, 14 dagen",2026-04-20 00:41
Hoefweg 77--2,Ede,Zelf inrichten,4,13-04-2026,"Inschrijfduur: 7 maanden, 12 dagen",2026-04-20 00:41
Balthasar van der Polweg 1070,Delft,Zelf inrichten,56,13-04-2026,"Inschrijfduur: 3 jaren, 10 maanden, 22 dagen *",2026-04-20 00:41
Nieuwstraat 15-P,'s-Gravenhage,Zelf inrichten,67,13-04-2026,"Inschrijfduur: 11 jaren, 4 maanden, 7 dagen",2026-04-20 00:41
Darlingstraat 247,Amsterdam,Zelf inrichten,62,13-04-2026,"Inschrijfduur: 3 jaren, 8 maanden, 23 dagen",2026-04-20 00:41
Uilenstede 164-1174,Amstelveen,Zelf inrichten,-,13-04-2026,Kandidaat voorgedragen door bewoners,2026-04-20 00:41
Pelikaanhof 106-B,Leiden,Zelf inrichten,-,13-04-2026,Kandidaat voorgedragen door bewoners,2026-04-20 00:41
Bornsesteeg 20-118,Wageningen,Zelf inrichten,48,13-04-2026,"Inschrijfduur: 4 jaren, 3 maanden, 13 dagen",2026-04-20 00:41
Omegaplantsoen 651,Leiden,Zelf inrichten,40,13-04-2026,"Inschrijfduur: 4 jaren, 8 maanden, 19 dagen",2026-04-20 00:41
Pelikaanhof 28-B,Leiden,Zelf inrichten,-,13-04-2026,Kandidaat voorgedragen door bewoners,2026-04-20 00:41
Uilenstede 136-973,Amstelveen,Zelf inrichten,-,13-04-2026,Kandidaat voorgedragen door bewoners,2026-04-20 00:41
Voorstraat 42-K 108,Delft,Zelf inrichten,-,13-04-2026,Kandidaat voorgedragen door bewoners,2026-04-20 00:41
Rudi van Dantzigstraat 1182,Amsterdam,Zelf inrichten,114,13-04-2026,"Inschrijfduur: 4 jaren, 11 maanden, 22 dagen",2026-04-20 00:41
Rapenburg 51-K 18,Leiden,Zelf inrichten,-,13-04-2026,Kandidaat voorgedragen door bewoners,2026-04-20 00:41
Bornsesteeg 1--10A-7,Wageningen,Gemeubileerd,20,13-04-2026,"Inschrijfduur: 1 jaar, 10 maanden, 3 dagen",2026-04-20 00:41
Hildebrandpad 514,Leiden,Zelf inrichten,73,13-04-2026,"Inschrijfduur: 4 jaren, 8 maanden, 1 dag",2026-04-20 00:41
Waldorpstraat 47-21 A,'s-Gravenhage,Gemeubileerd,20,13-04-2026,Direct offer - Reactietijd,2026-04-20 00:41
E. du Perronlaan 420-F,Delft,Zelf inrichten,-,13-04-2026,Kandidaat voorgedragen door bewoners,2026-04-20 00:41
Scheepvaartstraat 6-C105,Deventer,Zelf inrichten,46,13-04-2026,"Inschrijfduur: 4 jaren, 2 maanden, 7 dagen",2026-04-20 00:41
Omegaplantsoen 706,Leiden,Zelf inrichten,74,13-04-2026,"Inschrijfduur: 5 jaren, 6 maanden, 22 dagen",2026-04-20 00:41
Leemansplein 307,'s-Gravenhage,Zelf inrichten,50,13-04-2026,"Inschrijfduur: 4 jaren, 6 maanden, 17 dagen",2026-04-20 00:41
Bornsesteeg 1--03B-9,Wageningen,Gemeubileerd,4,13-04-2026,"Inschrijfduur: 2 jaren, 8 maanden, 19 dagen",2026-04-20 00:41
Ben van Londenstraat 26--4,Wageningen,Zelf inrichten,-,13-04-2026,Kandidaat voorgedragen door bewoners,2026-04-20 00:41
Jacoba van Beierenlaan 39-K 1,Delft,Zelf inrichten,-,13-04-2026,Kandidaat voorgedragen door bewoners,2026-04-20 00:41
Dennenrodepad 613,Amsterdam,Zelf inrichten,17,13-04-2026,"Inschrijfduur: 2 jaren, 9 maanden, 22 dagen",2026-04-20 00:41
Boxbergerweg 125-A k2,Deventer,Zelf inrichten,-,13-04-2026,Kandidaat voorgedragen door bewoners,2026-04-20 00:41
Leemansplein 413,'s-Gravenhage,Zelf inrichten,94,13-04-2026,"Inschrijfduur: 4 jaren, 5 maanden, 21 dagen",2026-04-20 00:41
Balthasar van der Polweg 656,Delft,Zelf inrichten,55,13-04-2026,"Inschrijfduur: 5 jaren, 10 maanden, 29 dagen *",2026-04-20 00:41
Haarlemmer Houttuinen 271,Amsterdam,Zelf inrichten,-,13-04-2026,Kandidaat voorgedragen door bewoners,2026-04-20 00:41
Droevendaalsesteeg 105--4,Wageningen,Zelf inrichten,-,13-04-2026,Kandidaat voorgedragen door bewoners,2026-04-20 00:41
Bornsesteeg 1--16C-7,Wageningen,Gemeubileerd,11,13-04-2026,"Inschrijfduur: 2 jaren, 9 maanden, 17 dagen",2026-04-20 00:41
Stamkartplein 304,'s-Gravenhage,Zelf inrichten,66,13-04-2026,"Inschrijfduur: 4 jaren, 11 maanden, 25 dagen",2026-04-20 00:41
Rijnveste 126--6,Wageningen,Zelf inrichten,-,13-04-2026,Kandidaat voorgedragen door bewoners,2026-04-20 00:41
Epsilonplantsoen 299,Leiden,Zelf inrichten,47,13-04-2026,"Inschrijfduur: 5 jaren, 7 maanden, 26 dagen",2026-04-20 00:41
Duindoornstraat 129-K14,Groningen,Gestoffeerd,5,13-04-2026,"Inschrijfduur: 2 maanden, 22 dagen",2026-04-20 00:41
Cornelis Lelylaan 3-D15,Amsterdam,Zelf inrichten,32,12-04-2026,"Inschrijfduur: 5 jaren, 4 maanden, 12 dagen",2026-04-20 00:41
Hildebrandpad 135,Leiden,Zelf inrichten,-,12-04-2026,Maatwerk / Urgentie,2026-04-20 00:41
Middelstegracht 20-C K 52,Leiden,Zelf inrichten,-,12-04-2026,Kandidaat voorgedragen door bewoners,2026-04-20 00:41
Pelikaanhof 32-C,Leiden,Zelf inrichten,-,12-04-2026,Kandidaat voorgedragen door bewoners,2026-04-20 00:41
Eerste Ringdijkstraat 42,Amsterdam,Zelf inrichten,123,12-04-2026,"Inschrijfduur: 10 jaren, 5 maanden, 29 dagen",2026-04-20 00:41
Eerste Ringdijkstraat 102,Amsterdam,Zelf inrichten,65,12-04-2026,"Inschrijfduur: 7 jaren, 3 maanden, 29 dagen",2026-04-20 00:41
Wassenaarseweg 177-3,Leiden,Zelf inrichten,-,12-04-2026,Kandidaat voorgedragen door bewoners,2026-04-20 00:41
Balthasar van der Polweg 312-B,Delft,Zelf inrichten,-,12-04-2026,Kandidaat voorgedragen door bewoners,2026-04-20 00:41
Klikspaanweg 51-K 9,Leiden,Zelf inrichten,-,12-04-2026,Kandidaat voorgedragen door bewoners,2026-04-20 00:41
Pelikaanhof 72-C,Leiden,Zelf inrichten,-,12-04-2026,Kandidaat voorgedragen door bewoners,2026-04-20 00:41
Flanorpad 6-C K 40,Leiden,Zelf inrichten,-,12-04-2026,Kandidaat voorgedragen door bewoners,2026-04-20 00:41
E. du Perronlaan 732-A,Delft,Zelf inrichten,-,12-04-2026,Kandidaat voorgedragen door bewoners,2026-04-20 00:41
Bronland 4-624,Wageningen,Zelf inrichten,47,12-04-2026,"Inschrijfduur: 6 jaren, 6 maanden, 19 dagen",2026-04-20 00:41
Uilenstede 510-81,Amstelveen,Zelf inrichten,50,12-04-2026,"Inschrijfduur: 7 jaren, 2 maanden, 3 dagen",2026-04-20 00:41
E. du Perronlaan 504-C,Delft,Zelf inrichten,7,12-04-2026,"Inschrijfduur: 2 jaren, 4 maanden, 21 dagen",2026-04-20 00:41
Korvezeestraat 200-E,Delft,Zelf inrichten,-,12-04-2026,Kandidaat voorgedragen door bewoners,2026-04-20 00:41
Cornelis Lelylaan 3-E39,Amsterdam,Zelf inrichten,39,11-04-2026,"Inschrijfduur: 4 jaren, 10 maanden, 20 dagen",2026-04-20 00:41
Bornsesteeg 1--19B-2,Wageningen,Gemeubileerd,6,11-04-2026,"Inschrijfduur: 1 jaar, 10 maanden, 13 dagen",2026-04-20 00:41
Uilenstede 506-15,Amstelveen,Zelf inrichten,39,11-04-2026,"Inschrijfduur: 5 jaren, 11 maanden, 11 dagen",2026-04-20 00:41
Kees Broekmanstraat 127,Amsterdam,Zelf inrichten,59,11-04-2026,"Inschrijfduur: 3 jaren, 7 maanden, 6 dagen",2026-04-20 00:41
Klikspaanweg 8-K 16,Leiden,Zelf inrichten,-,11-04-2026,Kandidaat voorgedragen door bewoners,2026-04-20 00:41
Dennenrodepad 103,Amsterdam,Zelf inrichten,29,11-04-2026,"Inschrijfduur: 2 jaren, 10 maanden, 18 dagen",2026-04-20 00:41
Uilenstede 90-588,Amstelveen,Zelf inrichten,-,11-04-2026,Kandidaat voorgedragen door bewoners,2026-04-20 00:41
Stamkartplein 114,'s-Gravenhage,Gemeubileerd,30,11-04-2026,Direct offer - Reactietijd,2026-04-20 00:41
Bornsesteeg 1--15B-4,Wageningen,Gemeubileerd,8,11-04-2026,"Inschrijfduur: 1 jaar, 10 maanden, 15 dagen",2026-04-20 00:41
Jan van Goyenkade 5-K 5,Leiden,Zelf inrichten,-,11-04-2026,Kandidaat voorgedragen door bewoners,2026-04-20 00:41
Klikspaanweg 12-K 6,Leiden,Zelf inrichten,-,11-04-2026,Kandidaat voorgedragen door bewoners,2026-04-20 00:41
Louis Couperuslaan 57-1,Delft,Zelf inrichten,46,11-04-2026,Kandidaat voorgedragen door bewoners,2026-04-20 00:41
Marijkeweg 26--1B3,Wageningen,Zelf inrichten,14,11-04-2026,"Inschrijfduur: 3 jaren, 6 maanden, 5 dagen",2026-04-20 00:41
Kolffpad 345,Leiden,Zelf inrichten,47,11-04-2026,"Inschrijfduur: 6 jaren, 2 maanden, 30 dagen",2026-04-20 00:41
Clara van Sparwoudestraat 116-A,Delft,Zelf inrichten,-,11-04-2026,Kandidaat voorgedragen door bewoners,2026-04-20 00:41
Vinkenlaan 177,Delft,Zelf inrichten,125,10-04-2026,"Inschrijfduur: 7 jaren, 24 dagen",2026-04-20 00:41
Dennenrodepad 465,Amsterdam,Gestoffeerd,22,10-04-2026,"Inschrijfduur: 2 jaren, 6 maanden, 6 dagen",2026-04-20 00:41
Opaallaan 516,Hoofddorp,Zelf inrichten,8,10-04-2026,"Inschrijfduur: 8 maanden, 11 dagen",2026-04-20 00:41
Kees Broekmanstraat 433,Amsterdam,Zelf inrichten,96,10-04-2026,"Inschrijfduur: 4 jaren, 7 maanden, 28 dagen",2026-04-20 00:41
Nieuwe Kanaal 1--164,Wageningen,Gemeubileerd,8,10-04-2026,"Inschrijfduur: 2 jaren, 1 maand",2026-04-20 00:41
Oude Delft 29-B K1,Delft,Zelf inrichten,-,10-04-2026,Kandidaat voorgedragen door bewoners,2026-04-20 00:41
Uilenstede 17-3060,Amstelveen,Zelf inrichten,-,10-04-2026,Kandidaat voorgedragen door bewoners,2026-04-20 00:41
Marijkeweg 26--4A3,Wageningen,Zelf inrichten,28,10-04-2026,"Inschrijfduur: 4 jaren, 17 dagen",2026-04-20 00:41
Dijkgraaf 4--15B-7,Wageningen,Zelf inrichten,1,10-04-2026,"Inschrijfduur: 2 jaren, 10 maanden, 12 dagen",2026-04-20 00:41
Hildebrandpad 470,Leiden,Zelf inrichten,46,10-04-2026,"Inschrijfduur: 4 jaren, 1 maand, 11 dagen",2026-04-20 00:41
Dennenrodepad 765,Amsterdam,Zelf inrichten,17,10-04-2026,"Inschrijfduur: 11 maanden, 20 dagen",2026-04-20 00:41
Morsweg 52-K 41,Leiden,Zelf inrichten,-,10-04-2026,Kandidaat voorgedragen door bewoners,2026-04-20 00:41
Rudi van Dantzigstraat 1078,Amsterdam,Zelf inrichten,43,10-04-2026,"Inschrijfduur: 4 jaren, 6 maanden, 24 dagen",2026-04-20 00:41
Jacques Veltmanstraat 487,Amsterdam,Zelf inrichten,35,10-04-2026,"Inschrijfduur: 5 jaren, 6 maanden, 4 dagen",2026-04-20 00:41
Prof. Evertslaan 136-K 7,Delft,Zelf inrichten,-,10-04-2026,Kandidaat voorgedragen door bewoners,2026-04-20 00:41
Uilenstede 190-1324,Amstelveen,Gemeubileerd,11,10-04-2026,Direct offer - Reactietijd,2026-04-20 00:41
Morsweg 48-K 42,Leiden,Zelf inrichten,-,10-04-2026,Kandidaat voorgedragen door bewoners,2026-04-20 00:41
Omegaplantsoen 768-k2,Leiden,Zelf inrichten,-,10-04-2026,Kandidaat voorgedragen door bewoners,2026-04-20 00:41
Hoefweg 31--4,Ede,Zelf inrichten,-,10-04-2026,Kandidaat voorgedragen door bewoners,2026-04-20 00:41
Bornsesteeg 1--18B-6,Wageningen,Gemeubileerd,8,10-04-2026,"Inschrijfduur: 1 jaar, 10 maanden, 3 dagen",2026-04-20 00:41
Haarweg 193--127,Wageningen,Zelf inrichten,3,10-04-2026,"Inschrijfduur: 4 jaren, 4 maanden, 20 dagen",2026-04-20 00:41
Waldorpstraat 45-63,'s-Gravenhage,Zelf inrichten,64,10-04-2026,"Inschrijfduur: 4 jaren, 6 maanden, 16 dagen",2026-04-20 00:41
E. du Perronlaan 684-E,Delft,Zelf inrichten,-,10-04-2026,Kandidaat voorgedragen door bewoners,2026-04-20 00:41
Rudi van Dantzigstraat 1372,Amsterdam,Zelf inrichten,29,10-04-2026,"Inschrijfduur: 3 jaren, 7 maanden, 26 dagen",2026-04-20 00:41
Omegaplantsoen 885,Leiden,Zelf inrichten,71,10-04-2026,"Inschrijfduur: 5 jaren, 11 maanden, 26 dagen",2026-04-20 00:41
Asstraat 98-4,'s-Gravenhage,Zelf inrichten,11,10-04-2026,"Inschrijfduur: 3 jaren, 10 maanden, 11 dagen",2026-04-20 00:41
Epsilonplantsoen 21,Leiden,Zelf inrichten,45,10-04-2026,"Inschrijfduur: 4 jaren, 6 maanden",2026-04-20 00:41
E. du Perronlaan 492-A,Delft,Zelf inrichten,-,10-04-2026,Kandidaat voorgedragen door bewoners,2026-04-20 00:41
Vestestraat 7-L,Leiden,Zelf inrichten,103,10-04-2026,"Inschrijfduur: 10 jaren, 6 maanden, 9 dagen",2026-04-20 00:41
Dennenrodepad 635,Amsterdam,Zelf inrichten,27,10-04-2026,"Inschrijfduur: 3 jaren, 10 maanden, 9 dagen",2026-04-20 00:41
Pierre Lallementstraat 24,Amsterdam,Zelf inrichten,91,10-04-2026,"Inschrijfduur: 7 jaren, 3 maanden, 24 dagen",2026-04-20 00:41
Epsilonplantsoen 427,Leiden,Zelf inrichten,89,10-04-2026,"Inschrijfduur: 4 jaren, 5 maanden, 30 dagen",2026-04-20 00:41
Phoenixstraat 82-B,Delft,Zelf inrichten,-,10-04-2026,Kandidaat voorgedragen door bewoners,2026-04-20 00:41
Oost-Indiëplaats 102-B,Delft,Zelf inrichten,-,10-04-2026,Kandidaat voorgedragen door bewoners,2026-04-20 00:41
Klikspaanweg 18-K 16,Leiden,Zelf inrichten,-,10-04-2026,Kandidaat voorgedragen door bewoners,2026-04-20 00:41
Bornsesteeg 1--03C-11,Wageningen,Gemeubileerd,6,10-04-2026,"Inschrijfduur: 1 jaar, 10 maanden, 4 dagen",2026-04-20 00:41
Jacoba van Beierenlaan 71-K 12,Delft,Zelf inrichten,-,10-04-2026,Kandidaat voorgedragen door bewoners,2026-04-20 00:41
Cornelis Lelylaan 3-B1,Amsterdam,Zelf inrichten,59,10-04-2026,"Inschrijfduur: 8 jaren, 7 maanden, 9 dagen",2026-04-20 00:41
Cornelis Lelylaan 5-E9,Amsterdam,Gemeubileerd,26,10-04-2026,Direct offer - Reactietijd,2026-04-20 00:41
Oudraadtweg 7-K 5,Delft,Zelf inrichten,-,10-04-2026,Kandidaat voorgedragen door bewoners,2026-04-20 00:41
Uilenstede 116-842,Amstelveen,Zelf inrichten,-,10-04-2026,Kandidaat voorgedragen door bewoners,2026-04-20 00:41
Leemansplein 403,'s-Gravenhage,Zelf inrichten,32,10-04-2026,"Inschrijfduur: 4 jaren, 3 maanden, 11 dagen",2026-04-20 00:41
Kloveniersburgwal 80-4,Amsterdam,Zelf inrichten,-,10-04-2026,Kandidaat voorgedragen door bewoners,2026-04-20 00:41
Willem Beukelsstraat 129,Amsterdam,Zelf inrichten,175,10-04-2026,"Inschrijfduur: 10 jaren, 2 maanden, 30 dagen",2026-04-20 00:41
Houtlaan 89-8,Leiden,Zelf inrichten,-,10-04-2026,Maatwerk / Urgentie,2026-04-20 00:41
Röntgenweg 865,Delft,Zelf inrichten,-,10-04-2026,Maatwerk / Urgentie,2026-04-20 00:41
Dudokstraat 451,Hoofddorp,Zelf inrichten,18,10-04-2026,"Inschrijfduur: 1 jaar, 7 maanden, 3 dagen",2026-04-20 00:41
Damstersingel 4-B K5,Groningen,Zelf inrichten,6,10-04-2026,Inschrijfduur: 1 maand,2026-04-20 00:41
Balthasar van der Polweg 974,Delft,Zelf inrichten,60,10-04-2026,"Inschrijfduur: 6 jaren, 6 maanden, 6 dagen",2026-04-20 00:41
Stamkartplein 244,'s-Gravenhage,Zelf inrichten,56,10-04-2026,"Inschrijfduur: 4 jaren, 10 maanden, 17 dagen",2026-04-20 00:41
Darlingstraat 867,Amsterdam,Zelf inrichten,40,10-04-2026,"Inschrijfduur: 1 jaar, 11 maanden, 24 dagen",2026-04-20 00:41
Vrijheidslaan 300-3,Leiden,Zelf inrichten,-,09-04-2026,Kandidaat voorgedragen door bewoners,2026-04-20 00:41
Kraanspoor 29-E10,Amsterdam,Zelf inrichten,64,09-04-2026,"Inschrijfduur: 5 jaren, 9 maanden, 4 dagen",2026-04-20 00:41
Oude Bennekomseweg 29--A003,Wageningen,Zelf inrichten,-,09-04-2026,Kandidaat voorgedragen door bewoners,2026-04-20 00:41
Cornelis Lelylaan 3-B38,Amsterdam,Zelf inrichten,40,09-04-2026,"Inschrijfduur: 5 jaren, 3 maanden, 25 dagen",2026-04-20 00:41
Carolina MacGillavrylaan 3090,Amsterdam,Zelf inrichten,49,09-04-2026,"Inschrijfduur: 5 jaren, 10 maanden, 2 dagen",2026-04-20 00:41
Uilenstede 451-5307,Amstelveen,Zelf inrichten,34,09-04-2026,"Inschrijfduur: 3 jaren, 7 maanden, 18 dagen",2026-04-20 00:41
Balthasar van der Polweg 472-B,Delft,Zelf inrichten,-,09-04-2026,Kandidaat voorgedragen door bewoners,2026-04-20 00:41
Van Hasseltlaan 264,Delft,Gemeubileerd,30,09-04-2026,Direct offer - Reactietijd,2026-04-20 00:41
Jan Krosstraat 20,'s-Gravenhage,Zelf inrichten,40,09-04-2026,"Inschrijfduur: 7 jaren, 2 maanden, 26 dagen",2026-04-20 00:41
Epsilonplantsoen 401,Leiden,Zelf inrichten,48,09-04-2026,"Inschrijfduur: 6 jaren, 3 maanden, 10 dagen",2026-04-20 00:41
Darlingstraat 661,Amsterdam,Zelf inrichten,30,09-04-2026,"Inschrijfduur: 3 jaren, 2 maanden, 8 dagen",2026-04-20 00:41
E. du Perronlaan 848-A,Delft,Zelf inrichten,-,09-04-2026,Kandidaat voorgedragen door bewoners,2026-04-20 00:41
Dennenrodepad 513,Amsterdam,Zelf inrichten,39,09-04-2026,"Inschrijfduur: 2 jaren, 4 maanden, 9 dagen",2026-04-20 00:41
Omegaplantsoen 466,Leiden,Zelf inrichten,84,09-04-2026,"Inschrijfduur: 4 jaren, 9 maanden, 12 dagen",2026-04-20 00:41
Nieuwe Kanaal 1--040,Wageningen,Gemeubileerd,8,09-04-2026,"Inschrijfduur: 3 jaren, 5 maanden, 25 dagen",2026-04-20 00:41
Haarweg 139--105,Wageningen,Zelf inrichten,3,09-04-2026,"Inschrijfduur: 2 jaren, 1 maand, 3 dagen",2026-04-20 00:41
Kaiserstraat 24-A K 5,Leiden,Zelf inrichten,-,09-04-2026,Kandidaat voorgedragen door bewoners,2026-04-20 00:41
Dijkgraaf 4--06B-7,Wageningen,Gemeubileerd,2,09-04-2026,"Inschrijfduur: 1 jaar, 10 maanden, 5 dagen",2026-04-20 00:41
Bornsesteeg 1--10C-X,Wageningen,Gemeubileerd,4,09-04-2026,"Inschrijfduur: 1 jaar, 10 maanden, 13 dagen",2026-04-20 00:41
Uilenstede 163-4038,Amstelveen,Zelf inrichten,-,09-04-2026,Kandidaat voorgedragen door bewoners,2026-04-20 00:41
Uilenstede 201-4298,Amstelveen,Zelf inrichten,-,09-04-2026,Kandidaat voorgedragen door bewoners,2026-04-20 00:41
Bornsesteeg 1--05B-5,Wageningen,Gemeubileerd,15,09-04-2026,"Inschrijfduur: 1 jaar, 10 maanden, 14 dagen",2026-04-20 00:41
Stamkartplein 409,'s-Gravenhage,Zelf inrichten,87,09-04-2026,"Inschrijfduur: 4 jaren, 8 maanden",2026-04-20 00:41
Bornsesteeg 1--15B-6,Wageningen,Gemeubileerd,8,09-04-2026,"Inschrijfduur: 1 jaar, 10 maanden, 11 dagen",2026-04-20 00:41
Rotterdamseweg 139-B14,Delft,Zelf inrichten,68,09-04-2026,"Inschrijfduur: 6 jaren, 6 maanden, 20 dagen",2026-04-20 00:41
Uilenstede 445-5257,Amstelveen,Zelf inrichten,30,09-04-2026,"Inschrijfduur: 3 jaren, 10 maanden, 27 dagen",2026-04-20 00:41
Haarweg 143--117,Wageningen,Zelf inrichten,1,09-04-2026,"Inschrijfduur: 1 jaar, 25 dagen",2026-04-20 00:41
Klikspaanweg 43-K 7,Leiden,Zelf inrichten,9,09-04-2026,Kandidaat voorgedragen door bewoners,2026-04-20 00:41
Dennenrodepad 385,Amsterdam,Gestoffeerd,23,09-04-2026,"Inschrijfduur: 4 jaren, 2 maanden, 11 dagen",2026-04-20 00:41
Uilenstede 201-4306,Amstelveen,Zelf inrichten,-,09-04-2026,Kandidaat voorgedragen door bewoners,2026-04-20 00:41
Epsilonplantsoen 45,Leiden,Zelf inrichten,40,09-04-2026,"Inschrijfduur: 4 jaren, 10 maanden, 10 dagen",2026-04-20 00:41
Rijn en Schiekade 102-K 16,Leiden,Zelf inrichten,-,09-04-2026,Kandidaat voorgedragen door bewoners,2026-04-20 00:41
Isaäc da Costalaan 383-k3,Delft,Zelf inrichten,-,09-04-2026,Kandidaat voorgedragen door bewoners,2026-04-20 00:41
van Hasseltlaan 564-B,Delft,Zelf inrichten,-,09-04-2026,Kandidaat voorgedragen door bewoners,2026-04-20 00:41
Bornsesteeg 1--08C-9,Wageningen,Gemeubileerd,9,09-04-2026,"Inschrijfduur: 1 jaar, 11 maanden, 16 dagen",2026-04-20 00:41
Marijkeweg 26--3B11,Wageningen,Zelf inrichten,30,09-04-2026,"Inschrijfduur: 2 jaren, 23 dagen *",2026-04-20 00:41
Jacoba van Beierenlaan 39-K 16,Delft,Zelf inrichten,-,09-04-2026,Kandidaat voorgedragen door bewoners,2026-04-20 00:41
Pelikaanhof 38-A,Leiden,Zelf inrichten,-,09-04-2026,Kandidaat voorgedragen door bewoners,2026-04-20 00:41
Bornsesteeg 1--18C-X,Wageningen,Gemeubileerd,5,09-04-2026,"Inschrijfduur: 1 jaar, 10 maanden, 11 dagen",2026-04-20 00:41
Bornsesteeg 1--04A-9,Wageningen,Gemeubileerd,13,09-04-2026,"Inschrijfduur: 1 jaar, 10 maanden, 19 dagen",2026-04-20 00:41
Klikspaanweg 47-K 18,Leiden,Zelf inrichten,-,09-04-2026,Kandidaat voorgedragen door bewoners,2026-04-20 00:41
Carolina MacGillavrylaan 2998,Amsterdam,Zelf inrichten,44,09-04-2026,"Inschrijfduur: 5 jaren, 5 dagen",2026-04-20 00:41
Coenderstraat 1-K 210,Delft,Zelf inrichten,25,09-04-2026,Kandidaat voorgedragen door bewoners,2026-04-20 00:41
Van Heemskerckstraat 1-K K14,Groningen,Gestoffeerd,9,09-04-2026,"Inschrijfduur: 7 jaren, 23 dagen",2026-04-20 00:41
Esdoornlaan 264-K2,Groningen,Gestoffeerd,8,09-04-2026,"Inschrijfduur: 1 jaar, 5 maanden, 8 dagen",2026-04-20 00:41
Oudraadtweg 15-K 3,Delft,Zelf inrichten,-,09-04-2026,Kandidaat voorgedragen door bewoners,2026-04-20 00:41
Darlingstraat 453,Amsterdam,Zelf inrichten,28,09-04-2026,"Inschrijfduur: 2 jaren, 4 maanden, 20 dagen",2026-04-20 00:41
Omegaplantsoen 338,Leiden,Zelf inrichten,78,09-04-2026,"Inschrijfduur: 4 jaren, 6 maanden, 25 dagen",2026-04-20 00:41
Haarweg 235--29,Wageningen,Zelf inrichten,4,08-04-2026,"Inschrijfduur: 6 maanden, 18 dagen",2026-04-20 00:41
Darlingstraat 243,Amsterdam,Zelf inrichten,14,08-04-2026,"Inschrijfduur: 1 jaar, 8 maanden, 30 dagen",2026-04-20 00:41
Uilenstede 177-4134,Amstelveen,Zelf inrichten,-,08-04-2026,Kandidaat voorgedragen door bewoners,2026-04-20 00:41
Kolffpad 235,Leiden,Zelf inrichten,49,08-04-2026,"Inschrijfduur: 6 jaren, 7 dagen",2026-04-20 00:41
E. du Perronlaan 540-A,Delft,Zelf inrichten,-,08-04-2026,Kandidaat voorgedragen door bewoners,2026-04-20 00:41
Uilenstede 197-4280,Amstelveen,Zelf inrichten,22,08-04-2026,Kandidaat voorgedragen door bewoners,2026-04-20 00:41
Oudraadtweg 15-K 2,Delft,Zelf inrichten,-,08-04-2026,Kandidaat voorgedragen door bewoners,2026-04-20 00:41
Gaudikade 239,Hoofddorp,Zelf inrichten,18,08-04-2026,"Inschrijfduur: 2 jaren, 6 maanden, 4 dagen",2026-04-20 00:41
Hoevestein 239--14B-5,Wageningen,Zelf inrichten,1,08-04-2026,"Inschrijfduur: 1 jaar, 10 maanden, 18 dagen",2026-04-20 00:41
Haarweg 149--209,Wageningen,Zelf inrichten,2,08-04-2026,"Inschrijfduur: 2 jaren, 2 maanden, 13 dagen",2026-04-20 00:41
Uilenstede 502-112,Amstelveen,Zelf inrichten,59,08-04-2026,"Inschrijfduur: 4 jaren, 11 maanden, 18 dagen",2026-04-20 00:41
Krelis Louwenstraat 5-D11,Amsterdam,Zelf inrichten,57,08-04-2026,"Inschrijfduur: 7 jaren, 6 maanden, 3 dagen",2026-04-20 00:41
Ben van Londenstraat 4--4,Wageningen,Zelf inrichten,-,08-04-2026,Kandidaat voorgedragen door bewoners,2026-04-20 00:41
Omegaplantsoen 841,Leiden,Zelf inrichten,48,08-04-2026,"Inschrijfduur: 6 jaren, 5 maanden, 10 dagen",2026-04-20 00:41
Uilenstede 177-4128,Amstelveen,Zelf inrichten,-,08-04-2026,Kandidaat voorgedragen door bewoners,2026-04-20 00:41
Dennenrodepad 203,Amsterdam,Zelf inrichten,20,08-04-2026,"Inschrijfduur: 1 jaar, 10 maanden, 9 dagen",2026-04-20 00:41
Hoefweg 125--1,Ede,Zelf inrichten,-,08-04-2026,Kandidaat voorgedragen door bewoners,2026-04-20 00:41
E. du Perronlaan 264-D,Delft,Zelf inrichten,-,08-04-2026,Kandidaat voorgedragen door bewoners,2026-04-20 00:41
Dennenrodepad 697,Amsterdam,Zelf inrichten,20,08-04-2026,"Inschrijfduur: 2 jaren, 9 maanden, 22 dagen",2026-04-20 00:41
Epsilonplantsoen 331,Leiden,Zelf inrichten,50,08-04-2026,"Inschrijfduur: 4 jaren, 7 maanden, 2 dagen",2026-04-20 00:41
Carolina MacGillavrylaan 2530,Amsterdam,Zelf inrichten,40,08-04-2026,"Inschrijfduur: 4 jaren, 6 maanden, 17 dagen",2026-04-20 00:41
Haarweg 53--618,Wageningen,Zelf inrichten,4,08-04-2026,"Inschrijfduur: 1 jaar, 10 maanden, 7 dagen",2026-04-20 00:41
Uilenstede 500-72,Amstelveen,Zelf inrichten,52,08-04-2026,"Inschrijfduur: 9 jaren, 2 maanden, 16 dagen",2026-04-20 00:41
Stieltjesweg 722-D,Delft,Zelf inrichten,-,08-04-2026,Kandidaat voorgedragen door bewoners,2026-04-20 00:41
Flanorpad 4-A K 4,Leiden,Zelf inrichten,-,08-04-2026,Kandidaat voorgedragen door bewoners,2026-04-20 00:41
Kraanspoor 21-E1,Amsterdam,Zelf inrichten,16,08-04-2026,"Inschrijfduur: 4 jaren, 6 maanden, 21 dagen",2026-04-20 00:41
Marijkeweg 26--4A2,Wageningen,Zelf inrichten,30,08-04-2026,"Inschrijfduur: 3 jaren, 5 maanden, 24 dagen",2026-04-20 00:41
Houtlaan 133,Leiden,Zelf inrichten,-,08-04-2026,Maatwerk / Urgentie,2026-04-20 00:41
Klikspaanweg 43-K 13,Leiden,Zelf inrichten,-,08-04-2026,Kandidaat voorgedragen door bewoners,2026-04-20 00:41
Dudokstraat 203,Hoofddorp,Gestoffeerd,14,08-04-2026,"Inschrijfduur: 8 maanden, 13 dagen",2026-04-20 00:41
Dudokstraat 137,Hoofddorp,Zelf inrichten,6,08-04-2026,"Inschrijfduur: 1 jaar, 7 maanden, 21 dagen",2026-04-20 00:41
Prinses Irenestraat 21,Hoofddorp,Zelf inrichten,97,08-04-2026,"Inschrijfduur: 7 jaren, 11 maanden, 5 dagen",2026-04-20 00:41
Dennenrodepad 36,Amsterdam,Gestoffeerd,24,08-04-2026,"Inschrijfduur: 2 jaren, 1 maand, 15 dagen",2026-04-20 00:41
Gaudikade 421,Hoofddorp,Zelf inrichten,13,08-04-2026,"Inschrijfduur: 1 jaar, 2 maanden, 5 dagen",2026-04-20 00:41
Gaudikade 381,Hoofddorp,Zelf inrichten,18,08-04-2026,"Inschrijfduur: 4 jaren, 2 maanden, 25 dagen",2026-04-20 00:41
Rotterdamseweg 139-A88,Delft,Zelf inrichten,48,08-04-2026,"Inschrijfduur: 3 jaren, 4 maanden, 3 dagen *",2026-04-20 00:41
Haarweg 311--B-5,Wageningen,Zelf inrichten,-,08-04-2026,Kandidaat voorgedragen door bewoners,2026-04-20 00:41
Dennenrodepad 933,Amsterdam,Zelf inrichten,66,08-04-2026,"Inschrijfduur: 2 jaren, 10 maanden, 3 dagen",2026-04-20 00:41
Opaallaan 432,Hoofddorp,Zelf inrichten,14,08-04-2026,"Inschrijfduur: 1 jaar, 1 maand",2026-04-20 00:41
Bagijnhof 233,Delft,Zelf inrichten,-,08-04-2026,Kandidaat voorgedragen door bewoners,2026-04-20 00:41
Eendrachtskade 12-60,Groningen,Zelf inrichten,59,08-04-2026,"Inschrijfduur: 5 jaren, 4 maanden, 27 dagen",2026-04-20 00:41
Pierre Lallementstraat 386,Amsterdam,Gemeubileerd,23,08-04-2026,Direct offer - Reactietijd,2026-04-20 00:41
Dennenrodepad 175,Amsterdam,Zelf inrichten,15,08-04-2026,"Inschrijfduur: 3 jaren, 4 maanden, 6 dagen",2026-04-20 00:41
Harderwijkstraat 59-A,'s-Gravenhage,Zelf inrichten,71,08-04-2026,"Inschrijfduur: 4 jaren, 4 maanden, 26 dagen",2026-04-20 00:41
Bornsesteeg 1--20B-6,Wageningen,Gemeubileerd,6,08-04-2026,"Inschrijfduur: 1 jaar, 10 maanden, 22 dagen",2026-04-20 00:41
Bos en Lommerplein 167-A,Amsterdam,Zelf inrichten,31,08-04-2026,"Inschrijfduur: 4 jaren, 11 maanden, 22 dagen",2026-04-20 00:41
Marijkeweg 28--0C8,Wageningen,Zelf inrichten,35,08-04-2026,"Inschrijfduur: 1 jaar, 6 maanden *",2026-04-20 00:41
Balthasar van der Polweg 582-A,Delft,Zelf inrichten,-,07-04-2026,Kandidaat voorgedragen door bewoners,2026-04-20 00:41
Flanorpad 2-C K 47,Leiden,Zelf inrichten,-,07-04-2026,Kandidaat voorgedragen door bewoners,2026-04-20 00:41
Hogewoerd 34-K 3,Leiden,Zelf inrichten,-,07-04-2026,Kandidaat voorgedragen door bewoners,2026-04-20 00:41
Bornsesteeg 1--04B-5,Wageningen,Gemeubileerd,8,07-04-2026,"Inschrijfduur: 1 jaar, 11 maanden, 9 dagen",2026-04-20 00:41
Doelenstraat 127,Delft,Zelf inrichten,158,07-04-2026,"Inschrijfduur: 9 jaren, 6 maanden, 20 dagen",2026-04-20 00:41
Bornsesteeg 1--12B-5,Wageningen,Gemeubileerd,12,07-04-2026,"Inschrijfduur: 3 jaren, 5 maanden, 5 dagen",2026-04-20 00:41
Jacoba van Beierenlaan 15-K1,Delft,Zelf inrichten,-,07-04-2026,Kandidaat voorgedragen door bewoners,2026-04-20 00:41
Oost-Indiëplaats 95-A,Delft,Zelf inrichten,-,07-04-2026,Kandidaat voorgedragen door bewoners,2026-04-20 00:41
Opaallaan 722,Hoofddorp,Zelf inrichten,23,07-04-2026,"Inschrijfduur: 2 jaren, 8 maanden, 2 dagen",2026-04-20 00:41
Jacoba van Beierenlaan 93-K 7,Delft,Zelf inrichten,-,07-04-2026,Kandidaat voorgedragen door bewoners,2026-04-20 00:41
Morsweg 52-K 42,Leiden,Zelf inrichten,-,07-04-2026,Kandidaat voorgedragen door bewoners,2026-04-20 00:41
Klikspaanweg 39-K 9,Leiden,Zelf inrichten,-,07-04-2026,Kandidaat voorgedragen door bewoners,2026-04-20 00:41
Röntgenweg 479,Delft,Zelf inrichten,89,07-04-2026,"Inschrijfduur: 6 jaren, 7 maanden, 11 dagen",2026-04-20 00:41
Zusterlaan 214,Delft,Gemeubileerd,32,07-04-2026,Direct offer - Reactietijd,2026-04-20 00:41
Costerweg 65--106,Wageningen,Zelf inrichten,19,07-04-2026,"Inschrijfduur: 3 jaren, 8 maanden, 26 dagen",2026-04-20 00:41
Papenstraat 20-C3,Delft,Zelf inrichten,68,07-04-2026,"Inschrijfduur: 2 maanden, 9 dagen *",2026-04-20 00:41
Bagijnhof 17-004,Delft,Zelf inrichten,-,07-04-2026,Kandidaat voorgedragen door bewoners,2026-04-20 00:41
Voorstraat 76-K3,Delft,Zelf inrichten,-,07-04-2026,Kandidaat voorgedragen door bewoners,2026-04-20 00:41
Prins Hendrikstraat 21-T,'s-Gravenhage,Zelf inrichten,-,07-04-2026,Kandidaat voorgedragen door bewoners,2026-04-20 00:41
Balthasar van der Polweg 610,Delft,Zelf inrichten,-,07-04-2026,Maatwerk / Urgentie,2026-04-20 00:41
Scheepvaartstraat 6-C91,Deventer,Zelf inrichten,43,07-04-2026,"Inschrijfduur: 3 jaren, 4 maanden, 16 dagen",2026-04-20 00:41
Opaallaan 946,Hoofddorp,Zelf inrichten,-,07-04-2026,Maatwerk / Urgentie,2026-04-20 00:41
Nieuwstraat 11-E,'s-Gravenhage,Zelf inrichten,125,07-04-2026,"Inschrijfduur: 6 jaren, 6 maanden, 6 dagen",2026-04-20 00:41
Mouterij 25--10,Wageningen,Gemeubileerd,11,07-04-2026,"Inschrijfduur: 4 jaren, 3 maanden, 1 dag",2026-04-20 00:41
Darlingstraat 665,Amsterdam,Zelf inrichten,18,07-04-2026,"Inschrijfduur: 7 maanden, 13 dagen",2026-04-20 00:41
2e Kruisstraat 3-C k3,Deventer,Zelf inrichten,-,06-04-2026,Kandidaat voorgedragen door bewoners,2026-04-20 00:41
Carolina MacGillavrylaan 1918-4,Amsterdam,Gestoffeerd,-,06-04-2026,Bemiddeling met reden: Direct Offer Bemiddeling,2026-04-20 00:41
Uilenstede 264-1812,Amstelveen,Zelf inrichten,17,06-04-2026,Kandidaat voorgedragen door bewoners,2026-04-20 00:41
Balthasar van der Polweg 478-A,Delft,Zelf inrichten,-,06-04-2026,Kandidaat voorgedragen door bewoners,2026-04-20 00:41
Uilenstede 502-19,Amstelveen,Zelf inrichten,27,06-04-2026,"Inschrijfduur: 6 jaren, 7 maanden, 11 dagen",2026-04-20 00:41
Dennenrodepad 667,Amsterdam,Zelf inrichten,17,,Geannuleerd: Mutatieonderhoud,2026-04-20 00:41
Gaudikade 219,Hoofddorp,Zelf inrichten,14,,Geannuleerd: Opnieuw leeggemeld: te weinig passende reacties,2026-04-20 00:41
E. du Perronlaan 244-B,Delft,Zelf inrichten,22,,Geannuleerd: Overige,2026-04-20 00:41
Dijkgraaf 4--05B-8,Wageningen,Gemeubileerd,1,,Geannuleerd: Opnieuw leeggemeld: te weinig passende reacties,2026-04-20 00:41
Harderwijkstraat 63-D,'s-Gravenhage,Zelf inrichten,50,,Geannuleerd: Overige,2026-04-20 00:41
Eendrachtskade 134-K1,Groningen,Zelf inrichten,23,,Geannuleerd: Opnieuw leeggemeld: te weinig passende reacties,2026-04-20 00:41
Opaallaan 246,Hoofddorp,Zelf inrichten,9,,Geannuleerd: Opnieuw leeggemeld: te weinig passende reacties,2026-04-20 00:41
Haarweg 53--613,Wageningen,Gemeubileerd,2,,Geannuleerd: Opnieuw leeggemeld: te weinig passende reacties,2026-04-20 00:41
Hoefweg 33--1,Ede,Zelf inrichten,13,,Geannuleerd: Opnieuw leeggemeld: te weinig passende reacties,2026-04-20 00:41
Duindoornstraat 117-K5,Groningen,Gestoffeerd,10,,Geannuleerd: Opnieuw leeggemeld: te weinig passende reacties,2026-04-20 00:41
Haarweg 41--505,Wageningen,Zelf inrichten,3,,Geannuleerd: Opnieuw leeggemeld: te weinig passende reacties,2026-04-20 00:41
Damsport 135-K2,Groningen,Zelf inrichten,2,,Geannuleerd: Opnieuw leeggemeld: te weinig passende reacties,2026-04-20 00:41
Hoevestein 239--11A-4,Wageningen,Zelf inrichten,2,,Geannuleerd: Overige,2026-04-20 00:41
Nudestraat 15--7,Wageningen,Zelf inrichten,14,,Geannuleerd: Opnieuw leeggemeld: te weinig passende reacties,2026-04-20 00:41
Mudaheerd 39-K1,Groningen,Zelf inrichten,2,,Geannuleerd: Opnieuw leeggemeld: te weinig passende reacties,2026-04-20 00:41
Bruynssteeg 2-k4,Deventer,Zelf inrichten,-,,Geannuleerd: Overige,2026-04-20 00:41
Dennenrodepad 495,Amsterdam,Zelf inrichten,37,,Geannuleerd: Annulering via OWI (University Housing),2026-04-20 00:41
Damsport 101-K2,Groningen,Zelf inrichten,1,,Geannuleerd: Opnieuw leeggemeld: te weinig passende reacties,2026-04-20 00:41
Hoevestein 239--10C-3,Wageningen,Gemeubileerd,7,,Geannuleerd: Overige,2026-04-20 00:41
Hoevestein 239--08A-6,Wageningen,Zelf inrichten,3,,Geannuleerd: Overige,2026-04-20 00:41
Haarweg 35--407,Wageningen,Zelf inrichten,2,,Geannuleerd: Opnieuw leeggemeld: te weinig passende reacties,2026-04-20 00:41
Haarweg 91--305,Wageningen,Zelf inrichten,3,,Geannuleerd: Opnieuw leeggemeld: te weinig passende reacties,2026-04-20 00:41
Haarweg 9--103,Wageningen,Gemeubileerd,2,,Geannuleerd: Opnieuw leeggemeld: te weinig passende reacties,2026-04-20 00:41
Haarweg 81--132,Wageningen,Zelf inrichten,1,,Geannuleerd: Opnieuw leeggemeld: te weinig passende reacties,2026-04-20 00:41
Dijkgraaf 4--03A-4,Wageningen,Gemeubileerd,1,,Geannuleerd: Opnieuw leeggemeld: te weinig passende reacties,2026-04-20 00:41
Mudaheerd 28-K3,Groningen,Zelf inrichten,1,,Geannuleerd: Opnieuw leeggemeld: te weinig passende reacties,2026-04-20 00:41
Hogewoerd 144-H,Leiden,Gemeubileerd,4,,Geannuleerd: Opnieuw leeggemeld: te weinig passende reacties,2026-04-20 00:41
Mudaheerd 24-K2,Groningen,Zelf inrichten,-,,Geannuleerd: Opnieuw leeggemeld: te weinig passende reacties,2026-04-20 00:41
Cornelis Lelylaan 5-B10,Amsterdam,Gemeubileerd,3,,Geannuleerd: Opnieuw leeggemeld: te weinig passende reacties,2026-04-20 00:41
Hoevestein 239--10A-7,Wageningen,Zelf inrichten,1,,Geannuleerd: Overige,2026-04-20 00:41
Bornsesteeg 1--17B-1,Wageningen,Gemeubileerd,4,,Geannuleerd: Opnieuw leeggemeld: foutieve advertentie,2026-04-20 00:41
Haarweg 311--B-3,Wageningen,Zelf inrichten,-,,Geannuleerd: Overige,2026-04-20 00:41
Haarweg 113--529,Wageningen,Zelf inrichten,1,,Geannuleerd: Opnieuw leeggemeld: te weinig passende reacties,2026-04-20 00:41
Haarweg 81--134,Wageningen,Zelf inrichten,-,,Geannuleerd: Opnieuw leeggemeld: te weinig passende reacties,2026-04-20 00:41
Hoevestein 239--02A-7,Wageningen,Zelf inrichten,1,,Geannuleerd: Overige,2026-04-20 00:41
Haarweg 81--136,Wageningen,Gemeubileerd,1,,Geannuleerd: Opnieuw leeggemeld: te weinig passende reacties,2026-04-20 00:41
Mudaheerd 26-K1,Groningen,Zelf inrichten,1,,Geannuleerd: Opnieuw leeggemeld: te weinig passende reacties,2026-04-20 00:41
Hoevestein 239--10B-5,Wageningen,Zelf inrichten,1,,Geannuleerd: Overige,2026-04-20 00:41
Hoevestein 239--04C-4,Wageningen,Zelf inrichten,-,,Geannuleerd: Overige,2026-04-20 00:41
Hoevestein 239--13C-7,Wageningen,Zelf inrichten,1,,Geannuleerd: Overige,2026-04-20 00:41
Hoevestein 239--12B-7,Wageningen,Zelf inrichten,-,,Geannuleerd: Overige,2026-04-20 00:41
Haarweg 209--320,Wageningen,Gemeubileerd,2,,Geannuleerd: Opnieuw leeggemeld: te weinig passende reacties,2026-04-20 00:41
Haarweg 19--209,Wageningen,Zelf inrichten,1,,Geannuleerd: Opnieuw leeggemeld: te weinig passende reacties,2026-04-20 00:41
Haarweg 111--519,Wageningen,Gemeubileerd,-,,Geannuleerd: Opnieuw leeggemeld: te weinig passende reacties,2026-04-20 00:41
Hoefweg 27--5,Ede,Zelf inrichten,2,,Geannuleerd: Opnieuw leeggemeld: te weinig passende reacties,2026-04-20 00:41
Haarweg 5--22,Wageningen,Gemeubileerd,4,,Geannuleerd: Opnieuw leeggemeld: te weinig passende reacties,2026-04-20 00:41
Hoevestein 239--06C-7,Wageningen,Gemeubileerd,2,,Geannuleerd: Overige,2026-04-20 00:41
Haarweg 249--213,Wageningen,Gemeubileerd,2,,Geannuleerd: Opnieuw leeggemeld: te weinig passende reacties,2026-04-20 00:41
Haarweg 209--323,Wageningen,Zelf inrichten,3,,Geannuleerd: Opnieuw leeggemeld: te weinig passende reacties,2026-04-20 00:41
Haarweg 43--512,Wageningen,Zelf inrichten,1,,Geannuleerd: Opnieuw leeggemeld: te weinig passende reacties,2026-04-20 00:41
Haarweg 97--330,Wageningen,Gemeubileerd,-,,Geannuleerd: Opnieuw leeggemeld: te weinig passende reacties,2026-04-20 00:41
Opaallaan 284,Hoofddorp,Zelf inrichten,-,,Geannuleerd: Opnieuw leeggemeld: te weinig passende reacties,2026-04-20 00:41
Rudi van Dantzigstraat 1280,Amsterdam,Zelf inrichten,200,,Geannuleerd: Huuropzegging ingetrokken,2026-04-20 00:41
Leemansplein 373,'s-Gravenhage,Zelf inrichten,68,,Geannuleerd: Huuropzegging ingetrokken,2026-04-20 00:41
Haarweg 71--21,Wageningen,Gemeubileerd,5,,Geannuleerd: Opnieuw leeggemeld: te weinig passende reacties,2026-04-20 00:41
Jan Michielshof 8,Leiden,Zelf inrichten,-,,Geannuleerd: Overige,2026-04-20 00:41
Wagenstraat 140-A 3,Den Haag,Gestoffeerd,-,,Geannuleerd: Overige,2026-04-20 00:41
Dijkgraaf 4--02C15,Wageningen,Gemeubileerd,1,,Geannuleerd: Huuropzegging ingetrokken,2026-04-20 00:41
Uilenstede 437-5198,Amstelveen,Zelf inrichten,-,,Geannuleerd: Overige,2026-04-20 00:41
Haarweg 95--315,Wageningen,Gemeubileerd,2,,Geannuleerd: Opnieuw leeggemeld: te weinig passende reacties,2026-04-20 00:41
Haarweg 151--225,Wageningen,Gemeubileerd,1,,Geannuleerd: Opnieuw leeggemeld: te weinig passende reacties,2026-04-20 00:41
Mijnbouwstraat 116-X,Delft,Zelf inrichten,47,,Geannuleerd: Huuropzegging ingetrokken,2026-04-20 00:41
